subject	role	exists	bytes	relative_path
root	dataset_description	True	1493	dataset_description.json
root	participants_tsv	True	2707	participants.tsv
root	participants_json	True	911	participants.json
root	readme	True	8172	README
root	changes	True	511	CHANGES
sub-1	scan_metadata	True	91	sub-1/sub-1_scans.tsv
sub-1	headband_channels	True	70	sub-1/eeg/sub-1_task-Sleep_acq-headband_channels.tsv
sub-1	headband_sidecar	True	513	sub-1/eeg/sub-1_task-Sleep_acq-headband_eeg.json
sub-1	headband_events_json	True	837	sub-1/eeg/sub-1_task-Sleep_acq-headband_events.json
sub-1	headband_events_tsv	True	27512	sub-1/eeg/sub-1_task-Sleep_acq-headband_events.tsv
sub-1	psg_channels	True	252	sub-1/eeg/sub-1_task-Sleep_acq-psg_channels.tsv
sub-1	psg_sidecar	True	498	sub-1/eeg/sub-1_task-Sleep_acq-psg_eeg.json
sub-1	psg_events_json	True	1022	sub-1/eeg/sub-1_task-Sleep_acq-psg_events.json
sub-1	psg_events_tsv	True	28675	sub-1/eeg/sub-1_task-Sleep_acq-psg_events.tsv
sub-2	scan_metadata	True	91	sub-2/sub-2_scans.tsv
sub-2	headband_channels	True	70	sub-2/eeg/sub-2_task-Sleep_acq-headband_channels.tsv
sub-2	headband_sidecar	True	513	sub-2/eeg/sub-2_task-Sleep_acq-headband_eeg.json
sub-2	headband_events_json	True	837	sub-2/eeg/sub-2_task-Sleep_acq-headband_events.json
sub-2	headband_events_tsv	True	26782	sub-2/eeg/sub-2_task-Sleep_acq-headband_events.tsv
sub-2	psg_channels	True	252	sub-2/eeg/sub-2_task-Sleep_acq-psg_channels.tsv
sub-2	psg_sidecar	True	498	sub-2/eeg/sub-2_task-Sleep_acq-psg_eeg.json
sub-2	psg_events_json	True	1022	sub-2/eeg/sub-2_task-Sleep_acq-psg_events.json
sub-2	psg_events_tsv	True	28611	sub-2/eeg/sub-2_task-Sleep_acq-psg_events.tsv
sub-3	scan_metadata	True	91	sub-3/sub-3_scans.tsv
sub-3	headband_channels	True	237	sub-3/eeg/sub-3_task-Sleep_acq-headband_channels.tsv
sub-3	headband_sidecar	True	513	sub-3/eeg/sub-3_task-Sleep_acq-headband_eeg.json
sub-3	headband_events_json	True	837	sub-3/eeg/sub-3_task-Sleep_acq-headband_events.json
sub-3	headband_events_tsv	True	29304	sub-3/eeg/sub-3_task-Sleep_acq-headband_events.tsv
sub-3	psg_channels	True	190	sub-3/eeg/sub-3_task-Sleep_acq-psg_channels.tsv
sub-3	psg_sidecar	True	497	sub-3/eeg/sub-3_task-Sleep_acq-psg_eeg.json
sub-3	psg_events_json	True	1022	sub-3/eeg/sub-3_task-Sleep_acq-psg_events.json
sub-3	psg_events_tsv	True	31299	sub-3/eeg/sub-3_task-Sleep_acq-psg_events.tsv
sub-4	scan_metadata	True	91	sub-4/sub-4_scans.tsv
sub-4	headband_channels	True	237	sub-4/eeg/sub-4_task-Sleep_acq-headband_channels.tsv
sub-4	headband_sidecar	True	513	sub-4/eeg/sub-4_task-Sleep_acq-headband_eeg.json
sub-4	headband_events_json	True	837	sub-4/eeg/sub-4_task-Sleep_acq-headband_events.json
sub-4	headband_events_tsv	True	31560	sub-4/eeg/sub-4_task-Sleep_acq-headband_events.tsv
sub-4	psg_channels	True	190	sub-4/eeg/sub-4_task-Sleep_acq-psg_channels.tsv
sub-4	psg_sidecar	True	497	sub-4/eeg/sub-4_task-Sleep_acq-psg_eeg.json
sub-4	psg_events_json	True	1022	sub-4/eeg/sub-4_task-Sleep_acq-psg_events.json
sub-4	psg_events_tsv	True	33638	sub-4/eeg/sub-4_task-Sleep_acq-psg_events.tsv
sub-5	scan_metadata	True	91	sub-5/sub-5_scans.tsv
sub-5	headband_channels	True	70	sub-5/eeg/sub-5_task-Sleep_acq-headband_channels.tsv
sub-5	headband_sidecar	True	513	sub-5/eeg/sub-5_task-Sleep_acq-headband_eeg.json
sub-5	headband_events_json	True	837	sub-5/eeg/sub-5_task-Sleep_acq-headband_events.json
sub-5	headband_events_tsv	True	29536	sub-5/eeg/sub-5_task-Sleep_acq-headband_events.tsv
sub-5	psg_channels	True	252	sub-5/eeg/sub-5_task-Sleep_acq-psg_channels.tsv
sub-5	psg_sidecar	True	498	sub-5/eeg/sub-5_task-Sleep_acq-psg_eeg.json
sub-5	psg_events_json	True	1022	sub-5/eeg/sub-5_task-Sleep_acq-psg_events.json
sub-5	psg_events_tsv	True	31555	sub-5/eeg/sub-5_task-Sleep_acq-psg_events.tsv
sub-6	scan_metadata	True	91	sub-6/sub-6_scans.tsv
sub-6	headband_channels	True	237	sub-6/eeg/sub-6_task-Sleep_acq-headband_channels.tsv
sub-6	headband_sidecar	True	513	sub-6/eeg/sub-6_task-Sleep_acq-headband_eeg.json
sub-6	headband_events_json	True	837	sub-6/eeg/sub-6_task-Sleep_acq-headband_events.json
sub-6	headband_events_tsv	True	29334	sub-6/eeg/sub-6_task-Sleep_acq-headband_events.tsv
sub-6	psg_channels	True	190	sub-6/eeg/sub-6_task-Sleep_acq-psg_channels.tsv
sub-6	psg_sidecar	True	497	sub-6/eeg/sub-6_task-Sleep_acq-psg_eeg.json
sub-6	psg_events_json	True	1022	sub-6/eeg/sub-6_task-Sleep_acq-psg_events.json
sub-6	psg_events_tsv	True	31331	sub-6/eeg/sub-6_task-Sleep_acq-psg_events.tsv
sub-7	scan_metadata	True	91	sub-7/sub-7_scans.tsv
sub-7	headband_channels	True	70	sub-7/eeg/sub-7_task-Sleep_acq-headband_channels.tsv
sub-7	headband_sidecar	True	513	sub-7/eeg/sub-7_task-Sleep_acq-headband_eeg.json
sub-7	headband_events_json	True	837	sub-7/eeg/sub-7_task-Sleep_acq-headband_events.json
sub-7	headband_events_tsv	True	27587	sub-7/eeg/sub-7_task-Sleep_acq-headband_events.tsv
sub-7	psg_channels	True	252	sub-7/eeg/sub-7_task-Sleep_acq-psg_channels.tsv
sub-7	psg_sidecar	True	498	sub-7/eeg/sub-7_task-Sleep_acq-psg_eeg.json
sub-7	psg_events_json	True	1022	sub-7/eeg/sub-7_task-Sleep_acq-psg_events.json
sub-7	psg_events_tsv	True	29322	sub-7/eeg/sub-7_task-Sleep_acq-psg_events.tsv
sub-8	scan_metadata	True	91	sub-8/sub-8_scans.tsv
sub-8	headband_channels	True	237	sub-8/eeg/sub-8_task-Sleep_acq-headband_channels.tsv
sub-8	headband_sidecar	True	513	sub-8/eeg/sub-8_task-Sleep_acq-headband_eeg.json
sub-8	headband_events_json	True	837	sub-8/eeg/sub-8_task-Sleep_acq-headband_events.json
sub-8	headband_events_tsv	True	11655	sub-8/eeg/sub-8_task-Sleep_acq-headband_events.tsv
sub-8	psg_channels	True	190	sub-8/eeg/sub-8_task-Sleep_acq-psg_channels.tsv
sub-8	psg_sidecar	True	497	sub-8/eeg/sub-8_task-Sleep_acq-psg_eeg.json
sub-8	psg_events_json	True	1022	sub-8/eeg/sub-8_task-Sleep_acq-psg_events.json
sub-8	psg_events_tsv	True	12483	sub-8/eeg/sub-8_task-Sleep_acq-psg_events.tsv
sub-9	scan_metadata	True	91	sub-9/sub-9_scans.tsv
sub-9	headband_channels	True	70	sub-9/eeg/sub-9_task-Sleep_acq-headband_channels.tsv
sub-9	headband_sidecar	True	513	sub-9/eeg/sub-9_task-Sleep_acq-headband_eeg.json
sub-9	headband_events_json	True	837	sub-9/eeg/sub-9_task-Sleep_acq-headband_events.json
sub-9	headband_events_tsv	True	31036	sub-9/eeg/sub-9_task-Sleep_acq-headband_events.tsv
sub-9	psg_channels	True	252	sub-9/eeg/sub-9_task-Sleep_acq-psg_channels.tsv
sub-9	psg_sidecar	True	498	sub-9/eeg/sub-9_task-Sleep_acq-psg_eeg.json
sub-9	psg_events_json	True	1022	sub-9/eeg/sub-9_task-Sleep_acq-psg_events.json
sub-9	psg_events_tsv	True	33155	sub-9/eeg/sub-9_task-Sleep_acq-psg_events.tsv
sub-10	scan_metadata	True	93	sub-10/sub-10_scans.tsv
sub-10	headband_channels	True	70	sub-10/eeg/sub-10_task-Sleep_acq-headband_channels.tsv
sub-10	headband_sidecar	True	513	sub-10/eeg/sub-10_task-Sleep_acq-headband_eeg.json
sub-10	headband_events_json	True	837	sub-10/eeg/sub-10_task-Sleep_acq-headband_events.json
sub-10	headband_events_tsv	True	29175	sub-10/eeg/sub-10_task-Sleep_acq-headband_events.tsv
sub-10	psg_channels	True	252	sub-10/eeg/sub-10_task-Sleep_acq-psg_channels.tsv
sub-10	psg_sidecar	True	498	sub-10/eeg/sub-10_task-Sleep_acq-psg_eeg.json
sub-10	psg_events_json	True	1022	sub-10/eeg/sub-10_task-Sleep_acq-psg_events.json
sub-10	psg_events_tsv	True	31171	sub-10/eeg/sub-10_task-Sleep_acq-psg_events.tsv
sub-11	scan_metadata	True	93	sub-11/sub-11_scans.tsv
sub-11	headband_channels	True	237	sub-11/eeg/sub-11_task-Sleep_acq-headband_channels.tsv
sub-11	headband_sidecar	True	513	sub-11/eeg/sub-11_task-Sleep_acq-headband_eeg.json
sub-11	headband_events_json	True	837	sub-11/eeg/sub-11_task-Sleep_acq-headband_events.json
sub-11	headband_events_tsv	True	29098	sub-11/eeg/sub-11_task-Sleep_acq-headband_events.tsv
sub-11	psg_channels	True	190	sub-11/eeg/sub-11_task-Sleep_acq-psg_channels.tsv
sub-11	psg_sidecar	True	497	sub-11/eeg/sub-11_task-Sleep_acq-psg_eeg.json
sub-11	psg_events_json	True	1022	sub-11/eeg/sub-11_task-Sleep_acq-psg_events.json
sub-11	psg_events_tsv	True	30915	sub-11/eeg/sub-11_task-Sleep_acq-psg_events.tsv
sub-12	scan_metadata	True	93	sub-12/sub-12_scans.tsv
sub-12	headband_channels	True	70	sub-12/eeg/sub-12_task-Sleep_acq-headband_channels.tsv
sub-12	headband_sidecar	True	513	sub-12/eeg/sub-12_task-Sleep_acq-headband_eeg.json
sub-12	headband_events_json	True	837	sub-12/eeg/sub-12_task-Sleep_acq-headband_events.json
sub-12	headband_events_tsv	True	29775	sub-12/eeg/sub-12_task-Sleep_acq-headband_events.tsv
sub-12	psg_channels	True	252	sub-12/eeg/sub-12_task-Sleep_acq-psg_channels.tsv
sub-12	psg_sidecar	True	498	sub-12/eeg/sub-12_task-Sleep_acq-psg_eeg.json
sub-12	psg_events_json	True	1022	sub-12/eeg/sub-12_task-Sleep_acq-psg_events.json
sub-12	psg_events_tsv	True	31816	sub-12/eeg/sub-12_task-Sleep_acq-psg_events.tsv
sub-13	scan_metadata	True	93	sub-13/sub-13_scans.tsv
sub-13	headband_channels	True	70	sub-13/eeg/sub-13_task-Sleep_acq-headband_channels.tsv
sub-13	headband_sidecar	True	513	sub-13/eeg/sub-13_task-Sleep_acq-headband_eeg.json
sub-13	headband_events_json	True	837	sub-13/eeg/sub-13_task-Sleep_acq-headband_events.json
sub-13	headband_events_tsv	True	29839	sub-13/eeg/sub-13_task-Sleep_acq-headband_events.tsv
sub-13	psg_channels	True	252	sub-13/eeg/sub-13_task-Sleep_acq-psg_channels.tsv
sub-13	psg_sidecar	True	498	sub-13/eeg/sub-13_task-Sleep_acq-psg_eeg.json
sub-13	psg_events_json	True	1022	sub-13/eeg/sub-13_task-Sleep_acq-psg_events.json
sub-13	psg_events_tsv	True	31299	sub-13/eeg/sub-13_task-Sleep_acq-psg_events.tsv
sub-14	scan_metadata	True	93	sub-14/sub-14_scans.tsv
sub-14	headband_channels	True	237	sub-14/eeg/sub-14_task-Sleep_acq-headband_channels.tsv
sub-14	headband_sidecar	True	513	sub-14/eeg/sub-14_task-Sleep_acq-headband_eeg.json
sub-14	headband_events_json	True	837	sub-14/eeg/sub-14_task-Sleep_acq-headband_events.json
sub-14	headband_events_tsv	True	31503	sub-14/eeg/sub-14_task-Sleep_acq-headband_events.tsv
sub-14	psg_channels	True	190	sub-14/eeg/sub-14_task-Sleep_acq-psg_channels.tsv
sub-14	psg_sidecar	True	497	sub-14/eeg/sub-14_task-Sleep_acq-psg_eeg.json
sub-14	psg_events_json	True	1022	sub-14/eeg/sub-14_task-Sleep_acq-psg_events.json
sub-14	psg_events_tsv	True	33635	sub-14/eeg/sub-14_task-Sleep_acq-psg_events.tsv
sub-15	scan_metadata	True	93	sub-15/sub-15_scans.tsv
sub-15	headband_channels	True	70	sub-15/eeg/sub-15_task-Sleep_acq-headband_channels.tsv
sub-15	headband_sidecar	True	513	sub-15/eeg/sub-15_task-Sleep_acq-headband_eeg.json
sub-15	headband_events_json	True	837	sub-15/eeg/sub-15_task-Sleep_acq-headband_events.json
sub-15	headband_events_tsv	True	32206	sub-15/eeg/sub-15_task-Sleep_acq-headband_events.tsv
sub-15	psg_channels	True	252	sub-15/eeg/sub-15_task-Sleep_acq-psg_channels.tsv
sub-15	psg_sidecar	True	498	sub-15/eeg/sub-15_task-Sleep_acq-psg_eeg.json
sub-15	psg_events_json	True	1022	sub-15/eeg/sub-15_task-Sleep_acq-psg_events.json
sub-15	psg_events_tsv	True	34403	sub-15/eeg/sub-15_task-Sleep_acq-psg_events.tsv
sub-16	scan_metadata	True	93	sub-16/sub-16_scans.tsv
sub-16	headband_channels	True	70	sub-16/eeg/sub-16_task-Sleep_acq-headband_channels.tsv
sub-16	headband_sidecar	True	513	sub-16/eeg/sub-16_task-Sleep_acq-headband_eeg.json
sub-16	headband_events_json	True	837	sub-16/eeg/sub-16_task-Sleep_acq-headband_events.json
sub-16	headband_events_tsv	True	30227	sub-16/eeg/sub-16_task-Sleep_acq-headband_events.tsv
sub-16	psg_channels	True	252	sub-16/eeg/sub-16_task-Sleep_acq-psg_channels.tsv
sub-16	psg_sidecar	True	498	sub-16/eeg/sub-16_task-Sleep_acq-psg_eeg.json
sub-16	psg_events_json	True	1022	sub-16/eeg/sub-16_task-Sleep_acq-psg_events.json
sub-16	psg_events_tsv	True	32298	sub-16/eeg/sub-16_task-Sleep_acq-psg_events.tsv
sub-17	scan_metadata	True	93	sub-17/sub-17_scans.tsv
sub-17	headband_channels	True	70	sub-17/eeg/sub-17_task-Sleep_acq-headband_channels.tsv
sub-17	headband_sidecar	True	513	sub-17/eeg/sub-17_task-Sleep_acq-headband_eeg.json
sub-17	headband_events_json	True	837	sub-17/eeg/sub-17_task-Sleep_acq-headband_events.json
sub-17	headband_events_tsv	True	28998	sub-17/eeg/sub-17_task-Sleep_acq-headband_events.tsv
sub-17	psg_channels	True	252	sub-17/eeg/sub-17_task-Sleep_acq-psg_channels.tsv
sub-17	psg_sidecar	True	498	sub-17/eeg/sub-17_task-Sleep_acq-psg_eeg.json
sub-17	psg_events_json	True	1022	sub-17/eeg/sub-17_task-Sleep_acq-psg_events.json
sub-17	psg_events_tsv	True	30984	sub-17/eeg/sub-17_task-Sleep_acq-psg_events.tsv
sub-18	scan_metadata	True	93	sub-18/sub-18_scans.tsv
sub-18	headband_channels	True	237	sub-18/eeg/sub-18_task-Sleep_acq-headband_channels.tsv
sub-18	headband_sidecar	True	513	sub-18/eeg/sub-18_task-Sleep_acq-headband_eeg.json
sub-18	headband_events_json	True	837	sub-18/eeg/sub-18_task-Sleep_acq-headband_events.json
sub-18	headband_events_tsv	True	30814	sub-18/eeg/sub-18_task-Sleep_acq-headband_events.tsv
sub-18	psg_channels	True	190	sub-18/eeg/sub-18_task-Sleep_acq-psg_channels.tsv
sub-18	psg_sidecar	True	497	sub-18/eeg/sub-18_task-Sleep_acq-psg_eeg.json
sub-18	psg_events_json	True	1022	sub-18/eeg/sub-18_task-Sleep_acq-psg_events.json
sub-18	psg_events_tsv	True	32899	sub-18/eeg/sub-18_task-Sleep_acq-psg_events.tsv
sub-19	scan_metadata	True	93	sub-19/sub-19_scans.tsv
sub-19	headband_channels	True	70	sub-19/eeg/sub-19_task-Sleep_acq-headband_channels.tsv
sub-19	headband_sidecar	True	513	sub-19/eeg/sub-19_task-Sleep_acq-headband_eeg.json
sub-19	headband_events_json	True	837	sub-19/eeg/sub-19_task-Sleep_acq-headband_events.json
sub-19	headband_events_tsv	True	29814	sub-19/eeg/sub-19_task-Sleep_acq-headband_events.tsv
sub-19	psg_channels	True	252	sub-19/eeg/sub-19_task-Sleep_acq-psg_channels.tsv
sub-19	psg_sidecar	True	498	sub-19/eeg/sub-19_task-Sleep_acq-psg_eeg.json
sub-19	psg_events_json	True	1022	sub-19/eeg/sub-19_task-Sleep_acq-psg_events.json
sub-19	psg_events_tsv	True	31779	sub-19/eeg/sub-19_task-Sleep_acq-psg_events.tsv
sub-20	scan_metadata	True	93	sub-20/sub-20_scans.tsv
sub-20	headband_channels	True	237	sub-20/eeg/sub-20_task-Sleep_acq-headband_channels.tsv
sub-20	headband_sidecar	True	513	sub-20/eeg/sub-20_task-Sleep_acq-headband_eeg.json
sub-20	headband_events_json	True	837	sub-20/eeg/sub-20_task-Sleep_acq-headband_events.json
sub-20	headband_events_tsv	True	30908	sub-20/eeg/sub-20_task-Sleep_acq-headband_events.tsv
sub-20	psg_channels	True	190	sub-20/eeg/sub-20_task-Sleep_acq-psg_channels.tsv
sub-20	psg_sidecar	True	497	sub-20/eeg/sub-20_task-Sleep_acq-psg_eeg.json
sub-20	psg_events_json	True	1022	sub-20/eeg/sub-20_task-Sleep_acq-psg_events.json
sub-20	psg_events_tsv	True	32931	sub-20/eeg/sub-20_task-Sleep_acq-psg_events.tsv
sub-21	scan_metadata	True	93	sub-21/sub-21_scans.tsv
sub-21	headband_channels	True	70	sub-21/eeg/sub-21_task-Sleep_acq-headband_channels.tsv
sub-21	headband_sidecar	True	513	sub-21/eeg/sub-21_task-Sleep_acq-headband_eeg.json
sub-21	headband_events_json	True	837	sub-21/eeg/sub-21_task-Sleep_acq-headband_events.json
sub-21	headband_events_tsv	True	30680	sub-21/eeg/sub-21_task-Sleep_acq-headband_events.tsv
sub-21	psg_channels	True	252	sub-21/eeg/sub-21_task-Sleep_acq-psg_channels.tsv
sub-21	psg_sidecar	True	498	sub-21/eeg/sub-21_task-Sleep_acq-psg_eeg.json
sub-21	psg_events_json	True	1022	sub-21/eeg/sub-21_task-Sleep_acq-psg_events.json
sub-21	psg_events_tsv	True	32771	sub-21/eeg/sub-21_task-Sleep_acq-psg_events.tsv
sub-22	scan_metadata	True	93	sub-22/sub-22_scans.tsv
sub-22	headband_channels	True	237	sub-22/eeg/sub-22_task-Sleep_acq-headband_channels.tsv
sub-22	headband_sidecar	True	513	sub-22/eeg/sub-22_task-Sleep_acq-headband_eeg.json
sub-22	headband_events_json	True	837	sub-22/eeg/sub-22_task-Sleep_acq-headband_events.json
sub-22	headband_events_tsv	True	30411	sub-22/eeg/sub-22_task-Sleep_acq-headband_events.tsv
sub-22	psg_channels	True	190	sub-22/eeg/sub-22_task-Sleep_acq-psg_channels.tsv
sub-22	psg_sidecar	True	497	sub-22/eeg/sub-22_task-Sleep_acq-psg_eeg.json
sub-22	psg_events_json	True	1022	sub-22/eeg/sub-22_task-Sleep_acq-psg_events.json
sub-22	psg_events_tsv	True	32483	sub-22/eeg/sub-22_task-Sleep_acq-psg_events.tsv
sub-23	scan_metadata	True	93	sub-23/sub-23_scans.tsv
sub-23	headband_channels	True	237	sub-23/eeg/sub-23_task-Sleep_acq-headband_channels.tsv
sub-23	headband_sidecar	True	513	sub-23/eeg/sub-23_task-Sleep_acq-headband_eeg.json
sub-23	headband_events_json	True	837	sub-23/eeg/sub-23_task-Sleep_acq-headband_events.json
sub-23	headband_events_tsv	True	33065	sub-23/eeg/sub-23_task-Sleep_acq-headband_events.tsv
sub-23	psg_channels	True	327	sub-23/eeg/sub-23_task-Sleep_acq-psg_channels.tsv
sub-23	psg_sidecar	True	498	sub-23/eeg/sub-23_task-Sleep_acq-psg_eeg.json
sub-23	psg_events_json	True	1022	sub-23/eeg/sub-23_task-Sleep_acq-psg_events.json
sub-23	psg_events_tsv	True	35203	sub-23/eeg/sub-23_task-Sleep_acq-psg_events.tsv
sub-24	scan_metadata	True	93	sub-24/sub-24_scans.tsv
sub-24	headband_channels	True	237	sub-24/eeg/sub-24_task-Sleep_acq-headband_channels.tsv
sub-24	headband_sidecar	True	513	sub-24/eeg/sub-24_task-Sleep_acq-headband_eeg.json
sub-24	headband_events_json	True	837	sub-24/eeg/sub-24_task-Sleep_acq-headband_events.json
sub-24	headband_events_tsv	True	27431	sub-24/eeg/sub-24_task-Sleep_acq-headband_events.tsv
sub-24	psg_channels	True	327	sub-24/eeg/sub-24_task-Sleep_acq-psg_channels.tsv
sub-24	psg_sidecar	True	498	sub-24/eeg/sub-24_task-Sleep_acq-psg_eeg.json
sub-24	psg_events_json	True	1022	sub-24/eeg/sub-24_task-Sleep_acq-psg_events.json
sub-24	psg_events_tsv	True	29265	sub-24/eeg/sub-24_task-Sleep_acq-psg_events.tsv
sub-25	scan_metadata	True	93	sub-25/sub-25_scans.tsv
sub-25	headband_channels	True	237	sub-25/eeg/sub-25_task-Sleep_acq-headband_channels.tsv
sub-25	headband_sidecar	True	513	sub-25/eeg/sub-25_task-Sleep_acq-headband_eeg.json
sub-25	headband_events_json	True	837	sub-25/eeg/sub-25_task-Sleep_acq-headband_events.json
sub-25	headband_events_tsv	True	31932	sub-25/eeg/sub-25_task-Sleep_acq-headband_events.tsv
sub-25	psg_channels	True	327	sub-25/eeg/sub-25_task-Sleep_acq-psg_channels.tsv
sub-25	psg_sidecar	True	498	sub-25/eeg/sub-25_task-Sleep_acq-psg_eeg.json
sub-25	psg_events_json	True	1022	sub-25/eeg/sub-25_task-Sleep_acq-psg_events.json
sub-25	psg_events_tsv	True	34051	sub-25/eeg/sub-25_task-Sleep_acq-psg_events.tsv
sub-26	scan_metadata	True	93	sub-26/sub-26_scans.tsv
sub-26	headband_channels	True	237	sub-26/eeg/sub-26_task-Sleep_acq-headband_channels.tsv
sub-26	headband_sidecar	True	513	sub-26/eeg/sub-26_task-Sleep_acq-headband_eeg.json
sub-26	headband_events_json	True	837	sub-26/eeg/sub-26_task-Sleep_acq-headband_events.json
sub-26	headband_events_tsv	True	28545	sub-26/eeg/sub-26_task-Sleep_acq-headband_events.tsv
sub-26	psg_channels	True	327	sub-26/eeg/sub-26_task-Sleep_acq-psg_channels.tsv
sub-26	psg_sidecar	True	498	sub-26/eeg/sub-26_task-Sleep_acq-psg_eeg.json
sub-26	psg_events_json	True	1022	sub-26/eeg/sub-26_task-Sleep_acq-psg_events.json
sub-26	psg_events_tsv	True	30499	sub-26/eeg/sub-26_task-Sleep_acq-psg_events.tsv
sub-27	scan_metadata	True	93	sub-27/sub-27_scans.tsv
sub-27	headband_channels	True	70	sub-27/eeg/sub-27_task-Sleep_acq-headband_channels.tsv
sub-27	headband_sidecar	True	513	sub-27/eeg/sub-27_task-Sleep_acq-headband_eeg.json
sub-27	headband_events_json	True	837	sub-27/eeg/sub-27_task-Sleep_acq-headband_events.json
sub-27	headband_events_tsv	True	27946	sub-27/eeg/sub-27_task-Sleep_acq-headband_events.tsv
sub-27	psg_channels	True	327	sub-27/eeg/sub-27_task-Sleep_acq-psg_channels.tsv
sub-27	psg_sidecar	True	498	sub-27/eeg/sub-27_task-Sleep_acq-psg_eeg.json
sub-27	psg_events_json	True	1022	sub-27/eeg/sub-27_task-Sleep_acq-psg_events.json
sub-27	psg_events_tsv	True	29859	sub-27/eeg/sub-27_task-Sleep_acq-psg_events.tsv
sub-28	scan_metadata	True	93	sub-28/sub-28_scans.tsv
sub-28	headband_channels	True	70	sub-28/eeg/sub-28_task-Sleep_acq-headband_channels.tsv
sub-28	headband_sidecar	True	513	sub-28/eeg/sub-28_task-Sleep_acq-headband_eeg.json
sub-28	headband_events_json	True	837	sub-28/eeg/sub-28_task-Sleep_acq-headband_events.json
sub-28	headband_events_tsv	True	25182	sub-28/eeg/sub-28_task-Sleep_acq-headband_events.tsv
sub-28	psg_channels	True	327	sub-28/eeg/sub-28_task-Sleep_acq-psg_channels.tsv
sub-28	psg_sidecar	True	498	sub-28/eeg/sub-28_task-Sleep_acq-psg_eeg.json
sub-28	psg_events_json	True	1022	sub-28/eeg/sub-28_task-Sleep_acq-psg_events.json
sub-28	psg_events_tsv	True	26887	sub-28/eeg/sub-28_task-Sleep_acq-psg_events.tsv
sub-29	scan_metadata	True	93	sub-29/sub-29_scans.tsv
sub-29	headband_channels	True	70	sub-29/eeg/sub-29_task-Sleep_acq-headband_channels.tsv
sub-29	headband_sidecar	True	513	sub-29/eeg/sub-29_task-Sleep_acq-headband_eeg.json
sub-29	headband_events_json	True	837	sub-29/eeg/sub-29_task-Sleep_acq-headband_events.json
sub-29	headband_events_tsv	True	32776	sub-29/eeg/sub-29_task-Sleep_acq-headband_events.tsv
sub-29	psg_channels	True	327	sub-29/eeg/sub-29_task-Sleep_acq-psg_channels.tsv
sub-29	psg_sidecar	True	498	sub-29/eeg/sub-29_task-Sleep_acq-psg_eeg.json
sub-29	psg_events_json	True	1022	sub-29/eeg/sub-29_task-Sleep_acq-psg_events.json
sub-29	psg_events_tsv	True	34851	sub-29/eeg/sub-29_task-Sleep_acq-psg_events.tsv
sub-30	scan_metadata	True	93	sub-30/sub-30_scans.tsv
sub-30	headband_channels	True	237	sub-30/eeg/sub-30_task-Sleep_acq-headband_channels.tsv
sub-30	headband_sidecar	True	513	sub-30/eeg/sub-30_task-Sleep_acq-headband_eeg.json
sub-30	headband_events_json	True	837	sub-30/eeg/sub-30_task-Sleep_acq-headband_events.json
sub-30	headband_events_tsv	True	24406	sub-30/eeg/sub-30_task-Sleep_acq-headband_events.tsv
sub-30	psg_channels	True	327	sub-30/eeg/sub-30_task-Sleep_acq-psg_channels.tsv
sub-30	psg_sidecar	True	498	sub-30/eeg/sub-30_task-Sleep_acq-psg_eeg.json
sub-30	psg_events_json	True	1022	sub-30/eeg/sub-30_task-Sleep_acq-psg_events.json
sub-30	psg_events_tsv	True	26083	sub-30/eeg/sub-30_task-Sleep_acq-psg_events.tsv
sub-31	scan_metadata	True	93	sub-31/sub-31_scans.tsv
sub-31	headband_channels	True	237	sub-31/eeg/sub-31_task-Sleep_acq-headband_channels.tsv
sub-31	headband_sidecar	True	513	sub-31/eeg/sub-31_task-Sleep_acq-headband_eeg.json
sub-31	headband_events_json	True	837	sub-31/eeg/sub-31_task-Sleep_acq-headband_events.json
sub-31	headband_events_tsv	True	24886	sub-31/eeg/sub-31_task-Sleep_acq-headband_events.tsv
sub-31	psg_channels	True	327	sub-31/eeg/sub-31_task-Sleep_acq-psg_channels.tsv
sub-31	psg_sidecar	True	498	sub-31/eeg/sub-31_task-Sleep_acq-psg_eeg.json
sub-31	psg_events_json	True	1022	sub-31/eeg/sub-31_task-Sleep_acq-psg_events.json
sub-31	psg_events_tsv	True	26595	sub-31/eeg/sub-31_task-Sleep_acq-psg_events.tsv
sub-32	scan_metadata	True	93	sub-32/sub-32_scans.tsv
sub-32	headband_channels	True	237	sub-32/eeg/sub-32_task-Sleep_acq-headband_channels.tsv
sub-32	headband_sidecar	True	513	sub-32/eeg/sub-32_task-Sleep_acq-headband_eeg.json
sub-32	headband_events_json	True	837	sub-32/eeg/sub-32_task-Sleep_acq-headband_events.json
sub-32	headband_events_tsv	True	24346	sub-32/eeg/sub-32_task-Sleep_acq-headband_events.tsv
sub-32	psg_channels	True	327	sub-32/eeg/sub-32_task-Sleep_acq-psg_channels.tsv
sub-32	psg_sidecar	True	498	sub-32/eeg/sub-32_task-Sleep_acq-psg_eeg.json
sub-32	psg_events_json	True	1022	sub-32/eeg/sub-32_task-Sleep_acq-psg_events.json
sub-32	psg_events_tsv	True	26019	sub-32/eeg/sub-32_task-Sleep_acq-psg_events.tsv
sub-33	scan_metadata	True	93	sub-33/sub-33_scans.tsv
sub-33	headband_channels	True	237	sub-33/eeg/sub-33_task-Sleep_acq-headband_channels.tsv
sub-33	headband_sidecar	True	513	sub-33/eeg/sub-33_task-Sleep_acq-headband_eeg.json
sub-33	headband_events_json	True	837	sub-33/eeg/sub-33_task-Sleep_acq-headband_events.json
sub-33	headband_events_tsv	True	25665	sub-33/eeg/sub-33_task-Sleep_acq-headband_events.tsv
sub-33	psg_channels	True	327	sub-33/eeg/sub-33_task-Sleep_acq-psg_channels.tsv
sub-33	psg_sidecar	True	498	sub-33/eeg/sub-33_task-Sleep_acq-psg_eeg.json
sub-33	psg_events_json	True	1022	sub-33/eeg/sub-33_task-Sleep_acq-psg_events.json
sub-33	psg_events_tsv	True	27427	sub-33/eeg/sub-33_task-Sleep_acq-psg_events.tsv
sub-34	scan_metadata	True	93	sub-34/sub-34_scans.tsv
sub-34	headband_channels	True	237	sub-34/eeg/sub-34_task-Sleep_acq-headband_channels.tsv
sub-34	headband_sidecar	True	513	sub-34/eeg/sub-34_task-Sleep_acq-headband_eeg.json
sub-34	headband_events_json	True	837	sub-34/eeg/sub-34_task-Sleep_acq-headband_events.json
sub-34	headband_events_tsv	True	27589	sub-34/eeg/sub-34_task-Sleep_acq-headband_events.tsv
sub-34	psg_channels	True	265	sub-34/eeg/sub-34_task-Sleep_acq-psg_channels.tsv
sub-34	psg_sidecar	True	497	sub-34/eeg/sub-34_task-Sleep_acq-psg_eeg.json
sub-34	psg_events_json	True	1022	sub-34/eeg/sub-34_task-Sleep_acq-psg_events.json
sub-34	psg_events_tsv	True	29459	sub-34/eeg/sub-34_task-Sleep_acq-psg_events.tsv
sub-35	scan_metadata	True	93	sub-35/sub-35_scans.tsv
sub-35	headband_channels	True	237	sub-35/eeg/sub-35_task-Sleep_acq-headband_channels.tsv
sub-35	headband_sidecar	True	513	sub-35/eeg/sub-35_task-Sleep_acq-headband_eeg.json
sub-35	headband_events_json	True	837	sub-35/eeg/sub-35_task-Sleep_acq-headband_events.json
sub-35	headband_events_tsv	True	25701	sub-35/eeg/sub-35_task-Sleep_acq-headband_events.tsv
sub-35	psg_channels	True	327	sub-35/eeg/sub-35_task-Sleep_acq-psg_channels.tsv
sub-35	psg_sidecar	True	498	sub-35/eeg/sub-35_task-Sleep_acq-psg_eeg.json
sub-35	psg_events_json	True	1022	sub-35/eeg/sub-35_task-Sleep_acq-psg_events.json
sub-35	psg_events_tsv	True	27437	sub-35/eeg/sub-35_task-Sleep_acq-psg_events.tsv
sub-36	scan_metadata	True	93	sub-36/sub-36_scans.tsv
sub-36	headband_channels	True	237	sub-36/eeg/sub-36_task-Sleep_acq-headband_channels.tsv
sub-36	headband_sidecar	True	513	sub-36/eeg/sub-36_task-Sleep_acq-headband_eeg.json
sub-36	headband_events_json	True	837	sub-36/eeg/sub-36_task-Sleep_acq-headband_events.json
sub-36	headband_events_tsv	True	26244	sub-36/eeg/sub-36_task-Sleep_acq-headband_events.tsv
sub-36	psg_channels	True	327	sub-36/eeg/sub-36_task-Sleep_acq-psg_channels.tsv
sub-36	psg_sidecar	True	498	sub-36/eeg/sub-36_task-Sleep_acq-psg_eeg.json
sub-36	psg_events_json	True	1022	sub-36/eeg/sub-36_task-Sleep_acq-psg_events.json
sub-36	psg_events_tsv	True	28035	sub-36/eeg/sub-36_task-Sleep_acq-psg_events.tsv
sub-37	scan_metadata	True	93	sub-37/sub-37_scans.tsv
sub-37	headband_channels	True	237	sub-37/eeg/sub-37_task-Sleep_acq-headband_channels.tsv
sub-37	headband_sidecar	True	513	sub-37/eeg/sub-37_task-Sleep_acq-headband_eeg.json
sub-37	headband_events_json	True	837	sub-37/eeg/sub-37_task-Sleep_acq-headband_events.json
sub-37	headband_events_tsv	True	25095	sub-37/eeg/sub-37_task-Sleep_acq-headband_events.tsv
sub-37	psg_channels	True	327	sub-37/eeg/sub-37_task-Sleep_acq-psg_channels.tsv
sub-37	psg_sidecar	True	498	sub-37/eeg/sub-37_task-Sleep_acq-psg_eeg.json
sub-37	psg_events_json	True	1022	sub-37/eeg/sub-37_task-Sleep_acq-psg_events.json
sub-37	psg_events_tsv	True	26819	sub-37/eeg/sub-37_task-Sleep_acq-psg_events.tsv
sub-38	scan_metadata	True	93	sub-38/sub-38_scans.tsv
sub-38	headband_channels	True	237	sub-38/eeg/sub-38_task-Sleep_acq-headband_channels.tsv
sub-38	headband_sidecar	True	513	sub-38/eeg/sub-38_task-Sleep_acq-headband_eeg.json
sub-38	headband_events_json	True	837	sub-38/eeg/sub-38_task-Sleep_acq-headband_events.json
sub-38	headband_events_tsv	True	24916	sub-38/eeg/sub-38_task-Sleep_acq-headband_events.tsv
sub-38	psg_channels	True	327	sub-38/eeg/sub-38_task-Sleep_acq-psg_channels.tsv
sub-38	psg_sidecar	True	498	sub-38/eeg/sub-38_task-Sleep_acq-psg_eeg.json
sub-38	psg_events_json	True	1022	sub-38/eeg/sub-38_task-Sleep_acq-psg_events.json
sub-38	psg_events_tsv	True	26627	sub-38/eeg/sub-38_task-Sleep_acq-psg_events.tsv
sub-39	scan_metadata	True	93	sub-39/sub-39_scans.tsv
sub-39	headband_channels	True	237	sub-39/eeg/sub-39_task-Sleep_acq-headband_channels.tsv
sub-39	headband_sidecar	True	513	sub-39/eeg/sub-39_task-Sleep_acq-headband_eeg.json
sub-39	headband_events_json	True	837	sub-39/eeg/sub-39_task-Sleep_acq-headband_events.json
sub-39	headband_events_tsv	True	26596	sub-39/eeg/sub-39_task-Sleep_acq-headband_events.tsv
sub-39	psg_channels	True	327	sub-39/eeg/sub-39_task-Sleep_acq-psg_channels.tsv
sub-39	psg_sidecar	True	498	sub-39/eeg/sub-39_task-Sleep_acq-psg_eeg.json
sub-39	psg_events_json	True	1022	sub-39/eeg/sub-39_task-Sleep_acq-psg_events.json
sub-39	psg_events_tsv	True	28425	sub-39/eeg/sub-39_task-Sleep_acq-psg_events.tsv
sub-40	scan_metadata	True	93	sub-40/sub-40_scans.tsv
sub-40	headband_channels	True	237	sub-40/eeg/sub-40_task-Sleep_acq-headband_channels.tsv
sub-40	headband_sidecar	True	513	sub-40/eeg/sub-40_task-Sleep_acq-headband_eeg.json
sub-40	headband_events_json	True	837	sub-40/eeg/sub-40_task-Sleep_acq-headband_events.json
sub-40	headband_events_tsv	True	24375	sub-40/eeg/sub-40_task-Sleep_acq-headband_events.tsv
sub-40	psg_channels	True	327	sub-40/eeg/sub-40_task-Sleep_acq-psg_channels.tsv
sub-40	psg_sidecar	True	498	sub-40/eeg/sub-40_task-Sleep_acq-psg_eeg.json
sub-40	psg_events_json	True	1022	sub-40/eeg/sub-40_task-Sleep_acq-psg_events.json
sub-40	psg_events_tsv	True	26061	sub-40/eeg/sub-40_task-Sleep_acq-psg_events.tsv
sub-41	scan_metadata	True	93	sub-41/sub-41_scans.tsv
sub-41	headband_channels	True	237	sub-41/eeg/sub-41_task-Sleep_acq-headband_channels.tsv
sub-41	headband_sidecar	True	513	sub-41/eeg/sub-41_task-Sleep_acq-headband_eeg.json
sub-41	headband_events_json	True	837	sub-41/eeg/sub-41_task-Sleep_acq-headband_events.json
sub-41	headband_events_tsv	True	26865	sub-41/eeg/sub-41_task-Sleep_acq-headband_events.tsv
sub-41	psg_channels	True	327	sub-41/eeg/sub-41_task-Sleep_acq-psg_channels.tsv
sub-41	psg_sidecar	True	498	sub-41/eeg/sub-41_task-Sleep_acq-psg_eeg.json
sub-41	psg_events_json	True	1022	sub-41/eeg/sub-41_task-Sleep_acq-psg_events.json
sub-41	psg_events_tsv	True	28707	sub-41/eeg/sub-41_task-Sleep_acq-psg_events.tsv
sub-42	scan_metadata	True	93	sub-42/sub-42_scans.tsv
sub-42	headband_channels	True	237	sub-42/eeg/sub-42_task-Sleep_acq-headband_channels.tsv
sub-42	headband_sidecar	True	513	sub-42/eeg/sub-42_task-Sleep_acq-headband_eeg.json
sub-42	headband_events_json	True	837	sub-42/eeg/sub-42_task-Sleep_acq-headband_events.json
sub-42	headband_events_tsv	True	26205	sub-42/eeg/sub-42_task-Sleep_acq-headband_events.tsv
sub-42	psg_channels	True	327	sub-42/eeg/sub-42_task-Sleep_acq-psg_channels.tsv
sub-42	psg_sidecar	True	498	sub-42/eeg/sub-42_task-Sleep_acq-psg_eeg.json
sub-42	psg_events_json	True	1022	sub-42/eeg/sub-42_task-Sleep_acq-psg_events.json
sub-42	psg_events_tsv	True	28029	sub-42/eeg/sub-42_task-Sleep_acq-psg_events.tsv
sub-43	scan_metadata	True	93	sub-43/sub-43_scans.tsv
sub-43	headband_channels	True	237	sub-43/eeg/sub-43_task-Sleep_acq-headband_channels.tsv
sub-43	headband_sidecar	True	513	sub-43/eeg/sub-43_task-Sleep_acq-headband_eeg.json
sub-43	headband_events_json	True	837	sub-43/eeg/sub-43_task-Sleep_acq-headband_events.json
sub-43	headband_events_tsv	True	24589	sub-43/eeg/sub-43_task-Sleep_acq-headband_events.tsv
sub-43	psg_channels	True	327	sub-43/eeg/sub-43_task-Sleep_acq-psg_channels.tsv
sub-43	psg_sidecar	True	498	sub-43/eeg/sub-43_task-Sleep_acq-psg_eeg.json
sub-43	psg_events_json	True	1022	sub-43/eeg/sub-43_task-Sleep_acq-psg_events.json
sub-43	psg_events_tsv	True	26289	sub-43/eeg/sub-43_task-Sleep_acq-psg_events.tsv
sub-44	scan_metadata	True	93	sub-44/sub-44_scans.tsv
sub-44	headband_channels	True	237	sub-44/eeg/sub-44_task-Sleep_acq-headband_channels.tsv
sub-44	headband_sidecar	True	513	sub-44/eeg/sub-44_task-Sleep_acq-headband_eeg.json
sub-44	headband_events_json	True	837	sub-44/eeg/sub-44_task-Sleep_acq-headband_events.json
sub-44	headband_events_tsv	True	24886	sub-44/eeg/sub-44_task-Sleep_acq-headband_events.tsv
sub-44	psg_channels	True	265	sub-44/eeg/sub-44_task-Sleep_acq-psg_channels.tsv
sub-44	psg_sidecar	True	497	sub-44/eeg/sub-44_task-Sleep_acq-psg_eeg.json
sub-44	psg_events_json	True	1022	sub-44/eeg/sub-44_task-Sleep_acq-psg_events.json
sub-44	psg_events_tsv	True	26595	sub-44/eeg/sub-44_task-Sleep_acq-psg_events.tsv
sub-45	scan_metadata	True	93	sub-45/sub-45_scans.tsv
sub-45	headband_channels	True	237	sub-45/eeg/sub-45_task-Sleep_acq-headband_channels.tsv
sub-45	headband_sidecar	True	513	sub-45/eeg/sub-45_task-Sleep_acq-headband_eeg.json
sub-45	headband_events_json	True	837	sub-45/eeg/sub-45_task-Sleep_acq-headband_events.json
sub-45	headband_events_tsv	True	24016	sub-45/eeg/sub-45_task-Sleep_acq-headband_events.tsv
sub-45	psg_channels	True	265	sub-45/eeg/sub-45_task-Sleep_acq-psg_channels.tsv
sub-45	psg_sidecar	True	497	sub-45/eeg/sub-45_task-Sleep_acq-psg_eeg.json
sub-45	psg_events_json	True	1022	sub-45/eeg/sub-45_task-Sleep_acq-psg_events.json
sub-45	psg_events_tsv	True	25684	sub-45/eeg/sub-45_task-Sleep_acq-psg_events.tsv
sub-46	scan_metadata	True	93	sub-46/sub-46_scans.tsv
sub-46	headband_channels	True	237	sub-46/eeg/sub-46_task-Sleep_acq-headband_channels.tsv
sub-46	headband_sidecar	True	513	sub-46/eeg/sub-46_task-Sleep_acq-headband_eeg.json
sub-46	headband_events_json	True	837	sub-46/eeg/sub-46_task-Sleep_acq-headband_events.json
sub-46	headband_events_tsv	True	28426	sub-46/eeg/sub-46_task-Sleep_acq-headband_events.tsv
sub-46	psg_channels	True	265	sub-46/eeg/sub-46_task-Sleep_acq-psg_channels.tsv
sub-46	psg_sidecar	True	497	sub-46/eeg/sub-46_task-Sleep_acq-psg_eeg.json
sub-46	psg_events_json	True	1022	sub-46/eeg/sub-46_task-Sleep_acq-psg_events.json
sub-46	psg_events_tsv	True	30371	sub-46/eeg/sub-46_task-Sleep_acq-psg_events.tsv
sub-47	scan_metadata	True	93	sub-47/sub-47_scans.tsv
sub-47	headband_channels	True	237	sub-47/eeg/sub-47_task-Sleep_acq-headband_channels.tsv
sub-47	headband_sidecar	True	513	sub-47/eeg/sub-47_task-Sleep_acq-headband_eeg.json
sub-47	headband_events_json	True	837	sub-47/eeg/sub-47_task-Sleep_acq-headband_events.json
sub-47	headband_events_tsv	True	23746	sub-47/eeg/sub-47_task-Sleep_acq-headband_events.tsv
sub-47	psg_channels	True	327	sub-47/eeg/sub-47_task-Sleep_acq-psg_channels.tsv
sub-47	psg_sidecar	True	498	sub-47/eeg/sub-47_task-Sleep_acq-psg_eeg.json
sub-47	psg_events_json	True	1022	sub-47/eeg/sub-47_task-Sleep_acq-psg_events.json
sub-47	psg_events_tsv	True	25392	sub-47/eeg/sub-47_task-Sleep_acq-psg_events.tsv
sub-48	scan_metadata	True	93	sub-48/sub-48_scans.tsv
sub-48	headband_channels	True	237	sub-48/eeg/sub-48_task-Sleep_acq-headband_channels.tsv
sub-48	headband_sidecar	True	513	sub-48/eeg/sub-48_task-Sleep_acq-headband_eeg.json
sub-48	headband_events_json	True	837	sub-48/eeg/sub-48_task-Sleep_acq-headband_events.json
sub-48	headband_events_tsv	True	30853	sub-48/eeg/sub-48_task-Sleep_acq-headband_events.tsv
sub-48	psg_channels	True	327	sub-48/eeg/sub-48_task-Sleep_acq-psg_channels.tsv
sub-48	psg_sidecar	True	498	sub-48/eeg/sub-48_task-Sleep_acq-psg_eeg.json
sub-48	psg_events_json	True	1022	sub-48/eeg/sub-48_task-Sleep_acq-psg_events.json
sub-48	psg_events_tsv	True	32932	sub-48/eeg/sub-48_task-Sleep_acq-psg_events.tsv
sub-49	scan_metadata	True	93	sub-49/sub-49_scans.tsv
sub-49	headband_channels	True	237	sub-49/eeg/sub-49_task-Sleep_acq-headband_channels.tsv
sub-49	headband_sidecar	True	513	sub-49/eeg/sub-49_task-Sleep_acq-headband_eeg.json
sub-49	headband_events_json	True	837	sub-49/eeg/sub-49_task-Sleep_acq-headband_events.json
sub-49	headband_events_tsv	True	26475	sub-49/eeg/sub-49_task-Sleep_acq-headband_events.tsv
sub-49	psg_channels	True	265	sub-49/eeg/sub-49_task-Sleep_acq-psg_channels.tsv
sub-49	psg_sidecar	True	497	sub-49/eeg/sub-49_task-Sleep_acq-psg_eeg.json
sub-49	psg_events_json	True	1022	sub-49/eeg/sub-49_task-Sleep_acq-psg_events.json
sub-49	psg_events_tsv	True	28259	sub-49/eeg/sub-49_task-Sleep_acq-psg_events.tsv
sub-50	scan_metadata	True	93	sub-50/sub-50_scans.tsv
sub-50	headband_channels	True	237	sub-50/eeg/sub-50_task-Sleep_acq-headband_channels.tsv
sub-50	headband_sidecar	True	513	sub-50/eeg/sub-50_task-Sleep_acq-headband_eeg.json
sub-50	headband_events_json	True	837	sub-50/eeg/sub-50_task-Sleep_acq-headband_events.json
sub-50	headband_events_tsv	True	26241	sub-50/eeg/sub-50_task-Sleep_acq-headband_events.tsv
sub-50	psg_channels	True	327	sub-50/eeg/sub-50_task-Sleep_acq-psg_channels.tsv
sub-50	psg_sidecar	True	498	sub-50/eeg/sub-50_task-Sleep_acq-psg_eeg.json
sub-50	psg_events_json	True	1022	sub-50/eeg/sub-50_task-Sleep_acq-psg_events.json
sub-50	psg_events_tsv	True	28046	sub-50/eeg/sub-50_task-Sleep_acq-psg_events.tsv
sub-51	scan_metadata	True	93	sub-51/sub-51_scans.tsv
sub-51	headband_channels	True	237	sub-51/eeg/sub-51_task-Sleep_acq-headband_channels.tsv
sub-51	headband_sidecar	True	513	sub-51/eeg/sub-51_task-Sleep_acq-headband_eeg.json
sub-51	headband_events_json	True	837	sub-51/eeg/sub-51_task-Sleep_acq-headband_events.json
sub-51	headband_events_tsv	True	26235	sub-51/eeg/sub-51_task-Sleep_acq-headband_events.tsv
sub-51	psg_channels	True	265	sub-51/eeg/sub-51_task-Sleep_acq-psg_channels.tsv
sub-51	psg_sidecar	True	497	sub-51/eeg/sub-51_task-Sleep_acq-psg_eeg.json
sub-51	psg_events_json	True	1022	sub-51/eeg/sub-51_task-Sleep_acq-psg_events.json
sub-51	psg_events_tsv	True	28035	sub-51/eeg/sub-51_task-Sleep_acq-psg_events.tsv
sub-52	scan_metadata	True	93	sub-52/sub-52_scans.tsv
sub-52	headband_channels	True	237	sub-52/eeg/sub-52_task-Sleep_acq-headband_channels.tsv
sub-52	headband_sidecar	True	513	sub-52/eeg/sub-52_task-Sleep_acq-headband_eeg.json
sub-52	headband_events_json	True	837	sub-52/eeg/sub-52_task-Sleep_acq-headband_events.json
sub-52	headband_events_tsv	True	27075	sub-52/eeg/sub-52_task-Sleep_acq-headband_events.tsv
sub-52	psg_channels	True	265	sub-52/eeg/sub-52_task-Sleep_acq-psg_channels.tsv
sub-52	psg_sidecar	True	497	sub-52/eeg/sub-52_task-Sleep_acq-psg_eeg.json
sub-52	psg_events_json	True	1022	sub-52/eeg/sub-52_task-Sleep_acq-psg_events.json
sub-52	psg_events_tsv	True	28931	sub-52/eeg/sub-52_task-Sleep_acq-psg_events.tsv
sub-53	scan_metadata	True	93	sub-53/sub-53_scans.tsv
sub-53	headband_channels	True	237	sub-53/eeg/sub-53_task-Sleep_acq-headband_channels.tsv
sub-53	headband_sidecar	True	513	sub-53/eeg/sub-53_task-Sleep_acq-headband_eeg.json
sub-53	headband_events_json	True	837	sub-53/eeg/sub-53_task-Sleep_acq-headband_events.json
sub-53	headband_events_tsv	True	19421	sub-53/eeg/sub-53_task-Sleep_acq-headband_events.tsv
sub-53	psg_channels	True	327	sub-53/eeg/sub-53_task-Sleep_acq-psg_channels.tsv
sub-53	psg_sidecar	True	498	sub-53/eeg/sub-53_task-Sleep_acq-psg_eeg.json
sub-53	psg_events_json	True	1022	sub-53/eeg/sub-53_task-Sleep_acq-psg_events.json
sub-53	psg_events_tsv	True	20715	sub-53/eeg/sub-53_task-Sleep_acq-psg_events.tsv
sub-54	scan_metadata	True	93	sub-54/sub-54_scans.tsv
sub-54	headband_channels	True	237	sub-54/eeg/sub-54_task-Sleep_acq-headband_channels.tsv
sub-54	headband_sidecar	True	513	sub-54/eeg/sub-54_task-Sleep_acq-headband_eeg.json
sub-54	headband_events_json	True	837	sub-54/eeg/sub-54_task-Sleep_acq-headband_events.json
sub-54	headband_events_tsv	True	23086	sub-54/eeg/sub-54_task-Sleep_acq-headband_events.tsv
sub-54	psg_channels	True	327	sub-54/eeg/sub-54_task-Sleep_acq-psg_channels.tsv
sub-54	psg_sidecar	True	498	sub-54/eeg/sub-54_task-Sleep_acq-psg_eeg.json
sub-54	psg_events_json	True	1022	sub-54/eeg/sub-54_task-Sleep_acq-psg_events.json
sub-54	psg_events_tsv	True	24680	sub-54/eeg/sub-54_task-Sleep_acq-psg_events.tsv
sub-55	scan_metadata	True	93	sub-55/sub-55_scans.tsv
sub-55	headband_channels	True	237	sub-55/eeg/sub-55_task-Sleep_acq-headband_channels.tsv
sub-55	headband_sidecar	True	513	sub-55/eeg/sub-55_task-Sleep_acq-headband_eeg.json
sub-55	headband_events_json	True	837	sub-55/eeg/sub-55_task-Sleep_acq-headband_events.json
sub-55	headband_events_tsv	True	31779	sub-55/eeg/sub-55_task-Sleep_acq-headband_events.tsv
sub-55	psg_channels	True	265	sub-55/eeg/sub-55_task-Sleep_acq-psg_channels.tsv
sub-55	psg_sidecar	True	497	sub-55/eeg/sub-55_task-Sleep_acq-psg_eeg.json
sub-55	psg_events_json	True	1022	sub-55/eeg/sub-55_task-Sleep_acq-psg_events.json
sub-55	psg_events_tsv	True	33731	sub-55/eeg/sub-55_task-Sleep_acq-psg_events.tsv
sub-56	scan_metadata	True	93	sub-56/sub-56_scans.tsv
sub-56	headband_channels	True	237	sub-56/eeg/sub-56_task-Sleep_acq-headband_channels.tsv
sub-56	headband_sidecar	True	513	sub-56/eeg/sub-56_task-Sleep_acq-headband_eeg.json
sub-56	headband_events_json	True	837	sub-56/eeg/sub-56_task-Sleep_acq-headband_events.json
sub-56	headband_events_tsv	True	28137	sub-56/eeg/sub-56_task-Sleep_acq-headband_events.tsv
sub-56	psg_channels	True	265	sub-56/eeg/sub-56_task-Sleep_acq-psg_channels.tsv
sub-56	psg_sidecar	True	497	sub-56/eeg/sub-56_task-Sleep_acq-psg_eeg.json
sub-56	psg_events_json	True	1022	sub-56/eeg/sub-56_task-Sleep_acq-psg_events.json
sub-56	psg_events_tsv	True	30051	sub-56/eeg/sub-56_task-Sleep_acq-psg_events.tsv
sub-57	scan_metadata	True	93	sub-57/sub-57_scans.tsv
sub-57	headband_channels	True	237	sub-57/eeg/sub-57_task-Sleep_acq-headband_channels.tsv
sub-57	headband_sidecar	True	513	sub-57/eeg/sub-57_task-Sleep_acq-headband_eeg.json
sub-57	headband_events_json	True	837	sub-57/eeg/sub-57_task-Sleep_acq-headband_events.json
sub-57	headband_events_tsv	True	30796	sub-57/eeg/sub-57_task-Sleep_acq-headband_events.tsv
sub-57	psg_channels	True	265	sub-57/eeg/sub-57_task-Sleep_acq-psg_channels.tsv
sub-57	psg_sidecar	True	497	sub-57/eeg/sub-57_task-Sleep_acq-psg_eeg.json
sub-57	psg_events_json	True	1022	sub-57/eeg/sub-57_task-Sleep_acq-psg_events.json
sub-57	psg_events_tsv	True	32419	sub-57/eeg/sub-57_task-Sleep_acq-psg_events.tsv
sub-58	scan_metadata	True	93	sub-58/sub-58_scans.tsv
sub-58	headband_channels	True	237	sub-58/eeg/sub-58_task-Sleep_acq-headband_channels.tsv
sub-58	headband_sidecar	True	513	sub-58/eeg/sub-58_task-Sleep_acq-headband_eeg.json
sub-58	headband_events_json	True	837	sub-58/eeg/sub-58_task-Sleep_acq-headband_events.json
sub-58	headband_events_tsv	True	29541	sub-58/eeg/sub-58_task-Sleep_acq-headband_events.tsv
sub-58	psg_channels	True	265	sub-58/eeg/sub-58_task-Sleep_acq-psg_channels.tsv
sub-58	psg_sidecar	True	497	sub-58/eeg/sub-58_task-Sleep_acq-psg_eeg.json
sub-58	psg_events_json	True	1022	sub-58/eeg/sub-58_task-Sleep_acq-psg_events.json
sub-58	psg_events_tsv	True	31555	sub-58/eeg/sub-58_task-Sleep_acq-psg_events.tsv
sub-59	scan_metadata	True	93	sub-59/sub-59_scans.tsv
sub-59	headband_channels	True	237	sub-59/eeg/sub-59_task-Sleep_acq-headband_channels.tsv
sub-59	headband_sidecar	True	513	sub-59/eeg/sub-59_task-Sleep_acq-headband_eeg.json
sub-59	headband_events_json	True	837	sub-59/eeg/sub-59_task-Sleep_acq-headband_events.json
sub-59	headband_events_tsv	True	31159	sub-59/eeg/sub-59_task-Sleep_acq-headband_events.tsv
sub-59	psg_channels	True	265	sub-59/eeg/sub-59_task-Sleep_acq-psg_channels.tsv
sub-59	psg_sidecar	True	497	sub-59/eeg/sub-59_task-Sleep_acq-psg_eeg.json
sub-59	psg_events_json	True	1022	sub-59/eeg/sub-59_task-Sleep_acq-psg_events.json
sub-59	psg_events_tsv	True	33223	sub-59/eeg/sub-59_task-Sleep_acq-psg_events.tsv
sub-60	scan_metadata	True	93	sub-60/sub-60_scans.tsv
sub-60	headband_channels	True	237	sub-60/eeg/sub-60_task-Sleep_acq-headband_channels.tsv
sub-60	headband_sidecar	True	513	sub-60/eeg/sub-60_task-Sleep_acq-headband_eeg.json
sub-60	headband_events_json	True	837	sub-60/eeg/sub-60_task-Sleep_acq-headband_events.json
sub-60	headband_events_tsv	True	27045	sub-60/eeg/sub-60_task-Sleep_acq-headband_events.tsv
sub-60	psg_channels	True	265	sub-60/eeg/sub-60_task-Sleep_acq-psg_channels.tsv
sub-60	psg_sidecar	True	497	sub-60/eeg/sub-60_task-Sleep_acq-psg_eeg.json
sub-60	psg_events_json	True	1022	sub-60/eeg/sub-60_task-Sleep_acq-psg_events.json
sub-60	psg_events_tsv	True	28899	sub-60/eeg/sub-60_task-Sleep_acq-psg_events.tsv
sub-61	scan_metadata	True	93	sub-61/sub-61_scans.tsv
sub-61	headband_channels	True	237	sub-61/eeg/sub-61_task-Sleep_acq-headband_channels.tsv
sub-61	headband_sidecar	True	513	sub-61/eeg/sub-61_task-Sleep_acq-headband_eeg.json
sub-61	headband_events_json	True	837	sub-61/eeg/sub-61_task-Sleep_acq-headband_events.json
sub-61	headband_events_tsv	True	28091	sub-61/eeg/sub-61_task-Sleep_acq-headband_events.tsv
sub-61	psg_channels	True	265	sub-61/eeg/sub-61_task-Sleep_acq-psg_channels.tsv
sub-61	psg_sidecar	True	497	sub-61/eeg/sub-61_task-Sleep_acq-psg_eeg.json
sub-61	psg_events_json	True	1022	sub-61/eeg/sub-61_task-Sleep_acq-psg_events.json
sub-61	psg_events_tsv	True	29731	sub-61/eeg/sub-61_task-Sleep_acq-psg_events.tsv
sub-62	scan_metadata	True	93	sub-62/sub-62_scans.tsv
sub-62	headband_channels	True	237	sub-62/eeg/sub-62_task-Sleep_acq-headband_channels.tsv
sub-62	headband_sidecar	True	513	sub-62/eeg/sub-62_task-Sleep_acq-headband_eeg.json
sub-62	headband_events_json	True	837	sub-62/eeg/sub-62_task-Sleep_acq-headband_events.json
sub-62	headband_events_tsv	True	28899	sub-62/eeg/sub-62_task-Sleep_acq-headband_events.tsv
sub-62	psg_channels	True	265	sub-62/eeg/sub-62_task-Sleep_acq-psg_channels.tsv
sub-62	psg_sidecar	True	497	sub-62/eeg/sub-62_task-Sleep_acq-psg_eeg.json
sub-62	psg_events_json	True	1022	sub-62/eeg/sub-62_task-Sleep_acq-psg_events.json
sub-62	psg_events_tsv	True	30851	sub-62/eeg/sub-62_task-Sleep_acq-psg_events.tsv
sub-63	scan_metadata	True	93	sub-63/sub-63_scans.tsv
sub-63	headband_channels	True	237	sub-63/eeg/sub-63_task-Sleep_acq-headband_channels.tsv
sub-63	headband_sidecar	True	513	sub-63/eeg/sub-63_task-Sleep_acq-headband_eeg.json
sub-63	headband_events_json	True	837	sub-63/eeg/sub-63_task-Sleep_acq-headband_events.json
sub-63	headband_events_tsv	True	26025	sub-63/eeg/sub-63_task-Sleep_acq-headband_events.tsv
sub-63	psg_channels	True	265	sub-63/eeg/sub-63_task-Sleep_acq-psg_channels.tsv
sub-63	psg_sidecar	True	497	sub-63/eeg/sub-63_task-Sleep_acq-psg_eeg.json
sub-63	psg_events_json	True	1022	sub-63/eeg/sub-63_task-Sleep_acq-psg_events.json
sub-63	psg_events_tsv	True	27814	sub-63/eeg/sub-63_task-Sleep_acq-psg_events.tsv
sub-64	scan_metadata	True	93	sub-64/sub-64_scans.tsv
sub-64	headband_channels	True	237	sub-64/eeg/sub-64_task-Sleep_acq-headband_channels.tsv
sub-64	headband_sidecar	True	513	sub-64/eeg/sub-64_task-Sleep_acq-headband_eeg.json
sub-64	headband_events_json	True	837	sub-64/eeg/sub-64_task-Sleep_acq-headband_events.json
sub-64	headband_events_tsv	True	25965	sub-64/eeg/sub-64_task-Sleep_acq-headband_events.tsv
sub-64	psg_channels	True	265	sub-64/eeg/sub-64_task-Sleep_acq-psg_channels.tsv
sub-64	psg_sidecar	True	497	sub-64/eeg/sub-64_task-Sleep_acq-psg_eeg.json
sub-64	psg_events_json	True	1022	sub-64/eeg/sub-64_task-Sleep_acq-psg_events.json
sub-64	psg_events_tsv	True	27751	sub-64/eeg/sub-64_task-Sleep_acq-psg_events.tsv
sub-65	scan_metadata	True	93	sub-65/sub-65_scans.tsv
sub-65	headband_channels	True	237	sub-65/eeg/sub-65_task-Sleep_acq-headband_channels.tsv
sub-65	headband_sidecar	True	513	sub-65/eeg/sub-65_task-Sleep_acq-headband_eeg.json
sub-65	headband_events_json	True	837	sub-65/eeg/sub-65_task-Sleep_acq-headband_events.json
sub-65	headband_events_tsv	True	26413	sub-65/eeg/sub-65_task-Sleep_acq-headband_events.tsv
sub-65	psg_channels	True	265	sub-65/eeg/sub-65_task-Sleep_acq-psg_channels.tsv
sub-65	psg_sidecar	True	497	sub-65/eeg/sub-65_task-Sleep_acq-psg_eeg.json
sub-65	psg_events_json	True	1022	sub-65/eeg/sub-65_task-Sleep_acq-psg_events.json
sub-65	psg_events_tsv	True	28099	sub-65/eeg/sub-65_task-Sleep_acq-psg_events.tsv
sub-66	scan_metadata	True	93	sub-66/sub-66_scans.tsv
sub-66	headband_channels	True	237	sub-66/eeg/sub-66_task-Sleep_acq-headband_channels.tsv
sub-66	headband_sidecar	True	513	sub-66/eeg/sub-66_task-Sleep_acq-headband_eeg.json
sub-66	headband_events_json	True	837	sub-66/eeg/sub-66_task-Sleep_acq-headband_events.json
sub-66	headband_events_tsv	True	31849	sub-66/eeg/sub-66_task-Sleep_acq-headband_events.tsv
sub-66	psg_channels	True	265	sub-66/eeg/sub-66_task-Sleep_acq-psg_channels.tsv
sub-66	psg_sidecar	True	497	sub-66/eeg/sub-66_task-Sleep_acq-psg_eeg.json
sub-66	psg_events_json	True	1022	sub-66/eeg/sub-66_task-Sleep_acq-psg_events.json
sub-66	psg_events_tsv	True	33991	sub-66/eeg/sub-66_task-Sleep_acq-psg_events.tsv
sub-67	scan_metadata	True	93	sub-67/sub-67_scans.tsv
sub-67	headband_channels	True	237	sub-67/eeg/sub-67_task-Sleep_acq-headband_channels.tsv
sub-67	headband_sidecar	True	513	sub-67/eeg/sub-67_task-Sleep_acq-headband_eeg.json
sub-67	headband_events_json	True	837	sub-67/eeg/sub-67_task-Sleep_acq-headband_events.json
sub-67	headband_events_tsv	True	27105	sub-67/eeg/sub-67_task-Sleep_acq-headband_events.tsv
sub-67	psg_channels	True	265	sub-67/eeg/sub-67_task-Sleep_acq-psg_channels.tsv
sub-67	psg_sidecar	True	497	sub-67/eeg/sub-67_task-Sleep_acq-psg_eeg.json
sub-67	psg_events_json	True	1022	sub-67/eeg/sub-67_task-Sleep_acq-psg_events.json
sub-67	psg_events_tsv	True	28963	sub-67/eeg/sub-67_task-Sleep_acq-psg_events.tsv
sub-68	scan_metadata	True	93	sub-68/sub-68_scans.tsv
sub-68	headband_channels	True	237	sub-68/eeg/sub-68_task-Sleep_acq-headband_channels.tsv
sub-68	headband_sidecar	True	513	sub-68/eeg/sub-68_task-Sleep_acq-headband_eeg.json
sub-68	headband_events_json	True	837	sub-68/eeg/sub-68_task-Sleep_acq-headband_events.json
sub-68	headband_events_tsv	True	25486	sub-68/eeg/sub-68_task-Sleep_acq-headband_events.tsv
sub-68	psg_channels	True	265	sub-68/eeg/sub-68_task-Sleep_acq-psg_channels.tsv
sub-68	psg_sidecar	True	497	sub-68/eeg/sub-68_task-Sleep_acq-psg_eeg.json
sub-68	psg_events_json	True	1022	sub-68/eeg/sub-68_task-Sleep_acq-psg_events.json
sub-68	psg_events_tsv	True	27242	sub-68/eeg/sub-68_task-Sleep_acq-psg_events.tsv
sub-69	scan_metadata	True	93	sub-69/sub-69_scans.tsv
sub-69	headband_channels	True	237	sub-69/eeg/sub-69_task-Sleep_acq-headband_channels.tsv
sub-69	headband_sidecar	True	513	sub-69/eeg/sub-69_task-Sleep_acq-headband_eeg.json
sub-69	headband_events_json	True	837	sub-69/eeg/sub-69_task-Sleep_acq-headband_events.json
sub-69	headband_events_tsv	True	29476	sub-69/eeg/sub-69_task-Sleep_acq-headband_events.tsv
sub-69	psg_channels	True	265	sub-69/eeg/sub-69_task-Sleep_acq-psg_channels.tsv
sub-69	psg_sidecar	True	497	sub-69/eeg/sub-69_task-Sleep_acq-psg_eeg.json
sub-69	psg_events_json	True	1022	sub-69/eeg/sub-69_task-Sleep_acq-psg_events.json
sub-69	psg_events_tsv	True	31491	sub-69/eeg/sub-69_task-Sleep_acq-psg_events.tsv
sub-70	scan_metadata	True	93	sub-70/sub-70_scans.tsv
sub-70	headband_channels	True	237	sub-70/eeg/sub-70_task-Sleep_acq-headband_channels.tsv
sub-70	headband_sidecar	True	513	sub-70/eeg/sub-70_task-Sleep_acq-headband_eeg.json
sub-70	headband_events_json	True	837	sub-70/eeg/sub-70_task-Sleep_acq-headband_events.json
sub-70	headband_events_tsv	True	26055	sub-70/eeg/sub-70_task-Sleep_acq-headband_events.tsv
sub-70	psg_channels	True	265	sub-70/eeg/sub-70_task-Sleep_acq-psg_channels.tsv
sub-70	psg_sidecar	True	497	sub-70/eeg/sub-70_task-Sleep_acq-psg_eeg.json
sub-70	psg_events_json	True	1022	sub-70/eeg/sub-70_task-Sleep_acq-psg_events.json
sub-70	psg_events_tsv	True	27848	sub-70/eeg/sub-70_task-Sleep_acq-psg_events.tsv
sub-71	scan_metadata	True	93	sub-71/sub-71_scans.tsv
sub-71	headband_channels	True	237	sub-71/eeg/sub-71_task-Sleep_acq-headband_channels.tsv
sub-71	headband_sidecar	True	513	sub-71/eeg/sub-71_task-Sleep_acq-headband_eeg.json
sub-71	headband_events_json	True	837	sub-71/eeg/sub-71_task-Sleep_acq-headband_events.json
sub-71	headband_events_tsv	True	32877	sub-71/eeg/sub-71_task-Sleep_acq-headband_events.tsv
sub-71	psg_channels	True	265	sub-71/eeg/sub-71_task-Sleep_acq-psg_channels.tsv
sub-71	psg_sidecar	True	497	sub-71/eeg/sub-71_task-Sleep_acq-psg_eeg.json
sub-71	psg_events_json	True	1022	sub-71/eeg/sub-71_task-Sleep_acq-psg_events.json
sub-71	psg_events_tsv	True	35043	sub-71/eeg/sub-71_task-Sleep_acq-psg_events.tsv
sub-72	scan_metadata	True	93	sub-72/sub-72_scans.tsv
sub-72	headband_channels	True	237	sub-72/eeg/sub-72_task-Sleep_acq-headband_channels.tsv
sub-72	headband_sidecar	True	513	sub-72/eeg/sub-72_task-Sleep_acq-headband_eeg.json
sub-72	headband_events_json	True	837	sub-72/eeg/sub-72_task-Sleep_acq-headband_events.json
sub-72	headband_events_tsv	True	28460	sub-72/eeg/sub-72_task-Sleep_acq-headband_events.tsv
sub-72	psg_channels	True	265	sub-72/eeg/sub-72_task-Sleep_acq-psg_channels.tsv
sub-72	psg_sidecar	True	497	sub-72/eeg/sub-72_task-Sleep_acq-psg_eeg.json
sub-72	psg_events_json	True	1022	sub-72/eeg/sub-72_task-Sleep_acq-psg_events.json
sub-72	psg_events_tsv	True	30311	sub-72/eeg/sub-72_task-Sleep_acq-psg_events.tsv
sub-73	scan_metadata	True	93	sub-73/sub-73_scans.tsv
sub-73	headband_channels	True	237	sub-73/eeg/sub-73_task-Sleep_acq-headband_channels.tsv
sub-73	headband_sidecar	True	513	sub-73/eeg/sub-73_task-Sleep_acq-headband_eeg.json
sub-73	headband_events_json	True	837	sub-73/eeg/sub-73_task-Sleep_acq-headband_events.json
sub-73	headband_events_tsv	True	25336	sub-73/eeg/sub-73_task-Sleep_acq-headband_events.tsv
sub-73	psg_channels	True	265	sub-73/eeg/sub-73_task-Sleep_acq-psg_channels.tsv
sub-73	psg_sidecar	True	497	sub-73/eeg/sub-73_task-Sleep_acq-psg_eeg.json
sub-73	psg_events_json	True	1022	sub-73/eeg/sub-73_task-Sleep_acq-psg_events.json
sub-73	psg_events_tsv	True	27080	sub-73/eeg/sub-73_task-Sleep_acq-psg_events.tsv
sub-74	scan_metadata	True	93	sub-74/sub-74_scans.tsv
sub-74	headband_channels	True	237	sub-74/eeg/sub-74_task-Sleep_acq-headband_channels.tsv
sub-74	headband_sidecar	True	513	sub-74/eeg/sub-74_task-Sleep_acq-headband_eeg.json
sub-74	headband_events_json	True	837	sub-74/eeg/sub-74_task-Sleep_acq-headband_events.json
sub-74	headband_events_tsv	True	28455	sub-74/eeg/sub-74_task-Sleep_acq-headband_events.tsv
sub-74	psg_channels	True	265	sub-74/eeg/sub-74_task-Sleep_acq-psg_channels.tsv
sub-74	psg_sidecar	True	497	sub-74/eeg/sub-74_task-Sleep_acq-psg_eeg.json
sub-74	psg_events_json	True	1022	sub-74/eeg/sub-74_task-Sleep_acq-psg_events.json
sub-74	psg_events_tsv	True	30403	sub-74/eeg/sub-74_task-Sleep_acq-psg_events.tsv
sub-75	scan_metadata	True	93	sub-75/sub-75_scans.tsv
sub-75	headband_channels	True	237	sub-75/eeg/sub-75_task-Sleep_acq-headband_channels.tsv
sub-75	headband_sidecar	True	513	sub-75/eeg/sub-75_task-Sleep_acq-headband_eeg.json
sub-75	headband_events_json	True	837	sub-75/eeg/sub-75_task-Sleep_acq-headband_events.json
sub-75	headband_events_tsv	True	25352	sub-75/eeg/sub-75_task-Sleep_acq-headband_events.tsv
sub-75	psg_channels	True	265	sub-75/eeg/sub-75_task-Sleep_acq-psg_channels.tsv
sub-75	psg_sidecar	True	497	sub-75/eeg/sub-75_task-Sleep_acq-psg_eeg.json
sub-75	psg_events_json	True	1022	sub-75/eeg/sub-75_task-Sleep_acq-psg_events.json
sub-75	psg_events_tsv	True	27020	sub-75/eeg/sub-75_task-Sleep_acq-psg_events.tsv
sub-76	scan_metadata	True	93	sub-76/sub-76_scans.tsv
sub-76	headband_channels	True	237	sub-76/eeg/sub-76_task-Sleep_acq-headband_channels.tsv
sub-76	headband_sidecar	True	513	sub-76/eeg/sub-76_task-Sleep_acq-headband_eeg.json
sub-76	headband_events_json	True	837	sub-76/eeg/sub-76_task-Sleep_acq-headband_events.json
sub-76	headband_events_tsv	True	30962	sub-76/eeg/sub-76_task-Sleep_acq-headband_events.tsv
sub-76	psg_channels	True	265	sub-76/eeg/sub-76_task-Sleep_acq-psg_channels.tsv
sub-76	psg_sidecar	True	497	sub-76/eeg/sub-76_task-Sleep_acq-psg_eeg.json
sub-76	psg_events_json	True	1022	sub-76/eeg/sub-76_task-Sleep_acq-psg_events.json
sub-76	psg_events_tsv	True	32931	sub-76/eeg/sub-76_task-Sleep_acq-psg_events.tsv
sub-77	scan_metadata	True	93	sub-77/sub-77_scans.tsv
sub-77	headband_channels	True	237	sub-77/eeg/sub-77_task-Sleep_acq-headband_channels.tsv
sub-77	headband_sidecar	True	513	sub-77/eeg/sub-77_task-Sleep_acq-headband_eeg.json
sub-77	headband_events_json	True	837	sub-77/eeg/sub-77_task-Sleep_acq-headband_events.json
sub-77	headband_events_tsv	True	31990	sub-77/eeg/sub-77_task-Sleep_acq-headband_events.tsv
sub-77	psg_channels	True	265	sub-77/eeg/sub-77_task-Sleep_acq-psg_channels.tsv
sub-77	psg_sidecar	True	497	sub-77/eeg/sub-77_task-Sleep_acq-psg_eeg.json
sub-77	psg_events_json	True	1022	sub-77/eeg/sub-77_task-Sleep_acq-psg_events.json
sub-77	psg_events_tsv	True	33891	sub-77/eeg/sub-77_task-Sleep_acq-psg_events.tsv
sub-78	scan_metadata	True	93	sub-78/sub-78_scans.tsv
sub-78	headband_channels	True	237	sub-78/eeg/sub-78_task-Sleep_acq-headband_channels.tsv
sub-78	headband_sidecar	True	513	sub-78/eeg/sub-78_task-Sleep_acq-headband_eeg.json
sub-78	headband_events_json	True	837	sub-78/eeg/sub-78_task-Sleep_acq-headband_events.json
sub-78	headband_events_tsv	True	25790	sub-78/eeg/sub-78_task-Sleep_acq-headband_events.tsv
sub-78	psg_channels	True	265	sub-78/eeg/sub-78_task-Sleep_acq-psg_channels.tsv
sub-78	psg_sidecar	True	497	sub-78/eeg/sub-78_task-Sleep_acq-psg_eeg.json
sub-78	psg_events_json	True	1022	sub-78/eeg/sub-78_task-Sleep_acq-psg_events.json
sub-78	psg_events_tsv	True	27555	sub-78/eeg/sub-78_task-Sleep_acq-psg_events.tsv
sub-79	scan_metadata	True	93	sub-79/sub-79_scans.tsv
sub-79	headband_channels	True	237	sub-79/eeg/sub-79_task-Sleep_acq-headband_channels.tsv
sub-79	headband_sidecar	True	513	sub-79/eeg/sub-79_task-Sleep_acq-headband_eeg.json
sub-79	headband_events_json	True	837	sub-79/eeg/sub-79_task-Sleep_acq-headband_events.json
sub-79	headband_events_tsv	True	30406	sub-79/eeg/sub-79_task-Sleep_acq-headband_events.tsv
sub-79	psg_channels	True	265	sub-79/eeg/sub-79_task-Sleep_acq-psg_channels.tsv
sub-79	psg_sidecar	True	497	sub-79/eeg/sub-79_task-Sleep_acq-psg_eeg.json
sub-79	psg_events_json	True	1022	sub-79/eeg/sub-79_task-Sleep_acq-psg_events.json
sub-79	psg_events_tsv	True	32493	sub-79/eeg/sub-79_task-Sleep_acq-psg_events.tsv
sub-80	scan_metadata	True	93	sub-80/sub-80_scans.tsv
sub-80	headband_channels	True	237	sub-80/eeg/sub-80_task-Sleep_acq-headband_channels.tsv
sub-80	headband_sidecar	True	513	sub-80/eeg/sub-80_task-Sleep_acq-headband_eeg.json
sub-80	headband_events_json	True	837	sub-80/eeg/sub-80_task-Sleep_acq-headband_events.json
sub-80	headband_events_tsv	True	23985	sub-80/eeg/sub-80_task-Sleep_acq-headband_events.tsv
sub-80	psg_channels	True	265	sub-80/eeg/sub-80_task-Sleep_acq-psg_channels.tsv
sub-80	psg_sidecar	True	497	sub-80/eeg/sub-80_task-Sleep_acq-psg_eeg.json
sub-80	psg_events_json	True	1022	sub-80/eeg/sub-80_task-Sleep_acq-psg_events.json
sub-80	psg_events_tsv	True	25635	sub-80/eeg/sub-80_task-Sleep_acq-psg_events.tsv
sub-81	scan_metadata	True	93	sub-81/sub-81_scans.tsv
sub-81	headband_channels	True	237	sub-81/eeg/sub-81_task-Sleep_acq-headband_channels.tsv
sub-81	headband_sidecar	True	513	sub-81/eeg/sub-81_task-Sleep_acq-headband_eeg.json
sub-81	headband_events_json	True	837	sub-81/eeg/sub-81_task-Sleep_acq-headband_events.json
sub-81	headband_events_tsv	True	26538	sub-81/eeg/sub-81_task-Sleep_acq-headband_events.tsv
sub-81	psg_channels	True	265	sub-81/eeg/sub-81_task-Sleep_acq-psg_channels.tsv
sub-81	psg_sidecar	True	497	sub-81/eeg/sub-81_task-Sleep_acq-psg_eeg.json
sub-81	psg_events_json	True	1022	sub-81/eeg/sub-81_task-Sleep_acq-psg_events.json
sub-81	psg_events_tsv	True	28355	sub-81/eeg/sub-81_task-Sleep_acq-psg_events.tsv
sub-82	scan_metadata	True	93	sub-82/sub-82_scans.tsv
sub-82	headband_channels	True	237	sub-82/eeg/sub-82_task-Sleep_acq-headband_channels.tsv
sub-82	headband_sidecar	True	513	sub-82/eeg/sub-82_task-Sleep_acq-headband_eeg.json
sub-82	headband_events_json	True	837	sub-82/eeg/sub-82_task-Sleep_acq-headband_events.json
sub-82	headband_events_tsv	True	26047	sub-82/eeg/sub-82_task-Sleep_acq-headband_events.tsv
sub-82	psg_channels	True	265	sub-82/eeg/sub-82_task-Sleep_acq-psg_channels.tsv
sub-82	psg_sidecar	True	497	sub-82/eeg/sub-82_task-Sleep_acq-psg_eeg.json
sub-82	psg_events_json	True	1022	sub-82/eeg/sub-82_task-Sleep_acq-psg_events.json
sub-82	psg_events_tsv	True	27812	sub-82/eeg/sub-82_task-Sleep_acq-psg_events.tsv
sub-83	scan_metadata	True	93	sub-83/sub-83_scans.tsv
sub-83	headband_channels	True	237	sub-83/eeg/sub-83_task-Sleep_acq-headband_channels.tsv
sub-83	headband_sidecar	True	513	sub-83/eeg/sub-83_task-Sleep_acq-headband_eeg.json
sub-83	headband_events_json	True	837	sub-83/eeg/sub-83_task-Sleep_acq-headband_events.json
sub-83	headband_events_tsv	True	26715	sub-83/eeg/sub-83_task-Sleep_acq-headband_events.tsv
sub-83	psg_channels	True	265	sub-83/eeg/sub-83_task-Sleep_acq-psg_channels.tsv
sub-83	psg_sidecar	True	497	sub-83/eeg/sub-83_task-Sleep_acq-psg_eeg.json
sub-83	psg_events_json	True	1022	sub-83/eeg/sub-83_task-Sleep_acq-psg_events.json
sub-83	psg_events_tsv	True	28548	sub-83/eeg/sub-83_task-Sleep_acq-psg_events.tsv
sub-84	scan_metadata	True	93	sub-84/sub-84_scans.tsv
sub-84	headband_channels	True	237	sub-84/eeg/sub-84_task-Sleep_acq-headband_channels.tsv
sub-84	headband_sidecar	True	513	sub-84/eeg/sub-84_task-Sleep_acq-headband_eeg.json
sub-84	headband_events_json	True	837	sub-84/eeg/sub-84_task-Sleep_acq-headband_events.json
sub-84	headband_events_tsv	True	29967	sub-84/eeg/sub-84_task-Sleep_acq-headband_events.tsv
sub-84	psg_channels	True	265	sub-84/eeg/sub-84_task-Sleep_acq-psg_channels.tsv
sub-84	psg_sidecar	True	497	sub-84/eeg/sub-84_task-Sleep_acq-psg_eeg.json
sub-84	psg_events_json	True	1022	sub-84/eeg/sub-84_task-Sleep_acq-psg_events.json
sub-84	psg_events_tsv	True	31939	sub-84/eeg/sub-84_task-Sleep_acq-psg_events.tsv
sub-85	scan_metadata	True	93	sub-85/sub-85_scans.tsv
sub-85	headband_channels	True	237	sub-85/eeg/sub-85_task-Sleep_acq-headband_channels.tsv
sub-85	headband_sidecar	True	513	sub-85/eeg/sub-85_task-Sleep_acq-headband_eeg.json
sub-85	headband_events_json	True	837	sub-85/eeg/sub-85_task-Sleep_acq-headband_events.json
sub-85	headband_events_tsv	True	31853	sub-85/eeg/sub-85_task-Sleep_acq-headband_events.tsv
sub-85	psg_channels	True	265	sub-85/eeg/sub-85_task-Sleep_acq-psg_channels.tsv
sub-85	psg_sidecar	True	497	sub-85/eeg/sub-85_task-Sleep_acq-psg_eeg.json
sub-85	psg_events_json	True	1022	sub-85/eeg/sub-85_task-Sleep_acq-psg_events.json
sub-85	psg_events_tsv	True	34169	sub-85/eeg/sub-85_task-Sleep_acq-psg_events.tsv
sub-86	scan_metadata	True	93	sub-86/sub-86_scans.tsv
sub-86	headband_channels	True	237	sub-86/eeg/sub-86_task-Sleep_acq-headband_channels.tsv
sub-86	headband_sidecar	True	513	sub-86/eeg/sub-86_task-Sleep_acq-headband_eeg.json
sub-86	headband_events_json	True	837	sub-86/eeg/sub-86_task-Sleep_acq-headband_events.json
sub-86	headband_events_tsv	True	27706	sub-86/eeg/sub-86_task-Sleep_acq-headband_events.tsv
sub-86	psg_channels	True	265	sub-86/eeg/sub-86_task-Sleep_acq-psg_channels.tsv
sub-86	psg_sidecar	True	497	sub-86/eeg/sub-86_task-Sleep_acq-psg_eeg.json
sub-86	psg_events_json	True	1022	sub-86/eeg/sub-86_task-Sleep_acq-psg_events.json
sub-86	psg_events_tsv	True	29603	sub-86/eeg/sub-86_task-Sleep_acq-psg_events.tsv
sub-87	scan_metadata	True	93	sub-87/sub-87_scans.tsv
sub-87	headband_channels	True	237	sub-87/eeg/sub-87_task-Sleep_acq-headband_channels.tsv
sub-87	headband_sidecar	True	513	sub-87/eeg/sub-87_task-Sleep_acq-headband_eeg.json
sub-87	headband_events_json	True	837	sub-87/eeg/sub-87_task-Sleep_acq-headband_events.json
sub-87	headband_events_tsv	True	28096	sub-87/eeg/sub-87_task-Sleep_acq-headband_events.tsv
sub-87	psg_channels	True	265	sub-87/eeg/sub-87_task-Sleep_acq-psg_channels.tsv
sub-87	psg_sidecar	True	497	sub-87/eeg/sub-87_task-Sleep_acq-psg_eeg.json
sub-87	psg_events_json	True	1022	sub-87/eeg/sub-87_task-Sleep_acq-psg_events.json
sub-87	psg_events_tsv	True	30019	sub-87/eeg/sub-87_task-Sleep_acq-psg_events.tsv
sub-88	scan_metadata	True	93	sub-88/sub-88_scans.tsv
sub-88	headband_channels	True	237	sub-88/eeg/sub-88_task-Sleep_acq-headband_channels.tsv
sub-88	headband_sidecar	True	513	sub-88/eeg/sub-88_task-Sleep_acq-headband_eeg.json
sub-88	headband_events_json	True	837	sub-88/eeg/sub-88_task-Sleep_acq-headband_events.json
sub-88	headband_events_tsv	True	26431	sub-88/eeg/sub-88_task-Sleep_acq-headband_events.tsv
sub-88	psg_channels	True	265	sub-88/eeg/sub-88_task-Sleep_acq-psg_channels.tsv
sub-88	psg_sidecar	True	497	sub-88/eeg/sub-88_task-Sleep_acq-psg_eeg.json
sub-88	psg_events_json	True	1022	sub-88/eeg/sub-88_task-Sleep_acq-psg_events.json
sub-88	psg_events_tsv	True	28099	sub-88/eeg/sub-88_task-Sleep_acq-psg_events.tsv
sub-89	scan_metadata	True	93	sub-89/sub-89_scans.tsv
sub-89	headband_channels	True	237	sub-89/eeg/sub-89_task-Sleep_acq-headband_channels.tsv
sub-89	headband_sidecar	True	513	sub-89/eeg/sub-89_task-Sleep_acq-headband_eeg.json
sub-89	headband_events_json	True	837	sub-89/eeg/sub-89_task-Sleep_acq-headband_events.json
sub-89	headband_events_tsv	True	28608	sub-89/eeg/sub-89_task-Sleep_acq-headband_events.tsv
sub-89	psg_channels	True	265	sub-89/eeg/sub-89_task-Sleep_acq-psg_channels.tsv
sub-89	psg_sidecar	True	497	sub-89/eeg/sub-89_task-Sleep_acq-psg_eeg.json
sub-89	psg_events_json	True	1022	sub-89/eeg/sub-89_task-Sleep_acq-psg_events.json
sub-89	psg_events_tsv	True	30563	sub-89/eeg/sub-89_task-Sleep_acq-psg_events.tsv
sub-90	scan_metadata	True	93	sub-90/sub-90_scans.tsv
sub-90	headband_channels	True	237	sub-90/eeg/sub-90_task-Sleep_acq-headband_channels.tsv
sub-90	headband_sidecar	True	513	sub-90/eeg/sub-90_task-Sleep_acq-headband_eeg.json
sub-90	headband_events_json	True	837	sub-90/eeg/sub-90_task-Sleep_acq-headband_events.json
sub-90	headband_events_tsv	True	30644	sub-90/eeg/sub-90_task-Sleep_acq-headband_events.tsv
sub-90	psg_channels	True	265	sub-90/eeg/sub-90_task-Sleep_acq-psg_channels.tsv
sub-90	psg_sidecar	True	497	sub-90/eeg/sub-90_task-Sleep_acq-psg_eeg.json
sub-90	psg_events_json	True	1022	sub-90/eeg/sub-90_task-Sleep_acq-psg_events.json
sub-90	psg_events_tsv	True	32680	sub-90/eeg/sub-90_task-Sleep_acq-psg_events.tsv
sub-91	scan_metadata	True	93	sub-91/sub-91_scans.tsv
sub-91	headband_channels	True	237	sub-91/eeg/sub-91_task-Sleep_acq-headband_channels.tsv
sub-91	headband_sidecar	True	513	sub-91/eeg/sub-91_task-Sleep_acq-headband_eeg.json
sub-91	headband_events_json	True	837	sub-91/eeg/sub-91_task-Sleep_acq-headband_events.json
sub-91	headband_events_tsv	True	30015	sub-91/eeg/sub-91_task-Sleep_acq-headband_events.tsv
sub-91	psg_channels	True	265	sub-91/eeg/sub-91_task-Sleep_acq-psg_channels.tsv
sub-91	psg_sidecar	True	497	sub-91/eeg/sub-91_task-Sleep_acq-psg_eeg.json
sub-91	psg_events_json	True	1022	sub-91/eeg/sub-91_task-Sleep_acq-psg_events.json
sub-91	psg_events_tsv	True	32067	sub-91/eeg/sub-91_task-Sleep_acq-psg_events.tsv
sub-92	scan_metadata	True	93	sub-92/sub-92_scans.tsv
sub-92	headband_channels	True	237	sub-92/eeg/sub-92_task-Sleep_acq-headband_channels.tsv
sub-92	headband_sidecar	True	513	sub-92/eeg/sub-92_task-Sleep_acq-headband_eeg.json
sub-92	headband_events_json	True	837	sub-92/eeg/sub-92_task-Sleep_acq-headband_events.json
sub-92	headband_events_tsv	True	29025	sub-92/eeg/sub-92_task-Sleep_acq-headband_events.tsv
sub-92	psg_channels	True	265	sub-92/eeg/sub-92_task-Sleep_acq-psg_channels.tsv
sub-92	psg_sidecar	True	497	sub-92/eeg/sub-92_task-Sleep_acq-psg_eeg.json
sub-92	psg_events_json	True	1022	sub-92/eeg/sub-92_task-Sleep_acq-psg_events.json
sub-92	psg_events_tsv	True	31012	sub-92/eeg/sub-92_task-Sleep_acq-psg_events.tsv
sub-93	scan_metadata	True	93	sub-93/sub-93_scans.tsv
sub-93	headband_channels	True	237	sub-93/eeg/sub-93_task-Sleep_acq-headband_channels.tsv
sub-93	headband_sidecar	True	513	sub-93/eeg/sub-93_task-Sleep_acq-headband_eeg.json
sub-93	headband_events_json	True	837	sub-93/eeg/sub-93_task-Sleep_acq-headband_events.json
sub-93	headband_events_tsv	True	25725	sub-93/eeg/sub-93_task-Sleep_acq-headband_events.tsv
sub-93	psg_channels	True	265	sub-93/eeg/sub-93_task-Sleep_acq-psg_channels.tsv
sub-93	psg_sidecar	True	497	sub-93/eeg/sub-93_task-Sleep_acq-psg_eeg.json
sub-93	psg_events_json	True	1022	sub-93/eeg/sub-93_task-Sleep_acq-psg_events.json
sub-93	psg_events_tsv	True	27491	sub-93/eeg/sub-93_task-Sleep_acq-psg_events.tsv
sub-94	scan_metadata	True	93	sub-94/sub-94_scans.tsv
sub-94	headband_channels	True	237	sub-94/eeg/sub-94_task-Sleep_acq-headband_channels.tsv
sub-94	headband_sidecar	True	513	sub-94/eeg/sub-94_task-Sleep_acq-headband_eeg.json
sub-94	headband_events_json	True	837	sub-94/eeg/sub-94_task-Sleep_acq-headband_events.json
sub-94	headband_events_tsv	True	29556	sub-94/eeg/sub-94_task-Sleep_acq-headband_events.tsv
sub-94	psg_channels	True	265	sub-94/eeg/sub-94_task-Sleep_acq-psg_channels.tsv
sub-94	psg_sidecar	True	497	sub-94/eeg/sub-94_task-Sleep_acq-psg_eeg.json
sub-94	psg_events_json	True	1022	sub-94/eeg/sub-94_task-Sleep_acq-psg_events.json
sub-94	psg_events_tsv	True	31555	sub-94/eeg/sub-94_task-Sleep_acq-psg_events.tsv
sub-95	scan_metadata	True	93	sub-95/sub-95_scans.tsv
sub-95	headband_channels	True	237	sub-95/eeg/sub-95_task-Sleep_acq-headband_channels.tsv
sub-95	headband_sidecar	True	513	sub-95/eeg/sub-95_task-Sleep_acq-headband_eeg.json
sub-95	headband_events_json	True	837	sub-95/eeg/sub-95_task-Sleep_acq-headband_events.json
sub-95	headband_events_tsv	True	28889	sub-95/eeg/sub-95_task-Sleep_acq-headband_events.tsv
sub-95	psg_channels	True	265	sub-95/eeg/sub-95_task-Sleep_acq-psg_channels.tsv
sub-95	psg_sidecar	True	497	sub-95/eeg/sub-95_task-Sleep_acq-psg_eeg.json
sub-95	psg_events_json	True	1022	sub-95/eeg/sub-95_task-Sleep_acq-psg_events.json
sub-95	psg_events_tsv	True	30852	sub-95/eeg/sub-95_task-Sleep_acq-psg_events.tsv
sub-96	scan_metadata	True	93	sub-96/sub-96_scans.tsv
sub-96	headband_channels	True	237	sub-96/eeg/sub-96_task-Sleep_acq-headband_channels.tsv
sub-96	headband_sidecar	True	513	sub-96/eeg/sub-96_task-Sleep_acq-headband_eeg.json
sub-96	headband_events_json	True	837	sub-96/eeg/sub-96_task-Sleep_acq-headband_events.json
sub-96	headband_events_tsv	True	28563	sub-96/eeg/sub-96_task-Sleep_acq-headband_events.tsv
sub-96	psg_channels	True	265	sub-96/eeg/sub-96_task-Sleep_acq-psg_channels.tsv
sub-96	psg_sidecar	True	497	sub-96/eeg/sub-96_task-Sleep_acq-psg_eeg.json
sub-96	psg_events_json	True	1022	sub-96/eeg/sub-96_task-Sleep_acq-psg_events.json
sub-96	psg_events_tsv	True	30467	sub-96/eeg/sub-96_task-Sleep_acq-psg_events.tsv
sub-97	scan_metadata	True	93	sub-97/sub-97_scans.tsv
sub-97	headband_channels	True	237	sub-97/eeg/sub-97_task-Sleep_acq-headband_channels.tsv
sub-97	headband_sidecar	True	513	sub-97/eeg/sub-97_task-Sleep_acq-headband_eeg.json
sub-97	headband_events_json	True	837	sub-97/eeg/sub-97_task-Sleep_acq-headband_events.json
sub-97	headband_events_tsv	True	31983	sub-97/eeg/sub-97_task-Sleep_acq-headband_events.tsv
sub-97	psg_channels	True	265	sub-97/eeg/sub-97_task-Sleep_acq-psg_channels.tsv
sub-97	psg_sidecar	True	497	sub-97/eeg/sub-97_task-Sleep_acq-psg_eeg.json
sub-97	psg_events_json	True	1022	sub-97/eeg/sub-97_task-Sleep_acq-psg_events.json
sub-97	psg_events_tsv	True	34115	sub-97/eeg/sub-97_task-Sleep_acq-psg_events.tsv
sub-98	scan_metadata	True	93	sub-98/sub-98_scans.tsv
sub-98	headband_channels	True	237	sub-98/eeg/sub-98_task-Sleep_acq-headband_channels.tsv
sub-98	headband_sidecar	True	513	sub-98/eeg/sub-98_task-Sleep_acq-headband_eeg.json
sub-98	headband_events_json	True	837	sub-98/eeg/sub-98_task-Sleep_acq-headband_events.json
sub-98	headband_events_tsv	True	26415	sub-98/eeg/sub-98_task-Sleep_acq-headband_events.tsv
sub-98	psg_channels	True	265	sub-98/eeg/sub-98_task-Sleep_acq-psg_channels.tsv
sub-98	psg_sidecar	True	497	sub-98/eeg/sub-98_task-Sleep_acq-psg_eeg.json
sub-98	psg_events_json	True	1022	sub-98/eeg/sub-98_task-Sleep_acq-psg_events.json
sub-98	psg_events_tsv	True	28227	sub-98/eeg/sub-98_task-Sleep_acq-psg_events.tsv
sub-99	scan_metadata	True	93	sub-99/sub-99_scans.tsv
sub-99	headband_channels	True	237	sub-99/eeg/sub-99_task-Sleep_acq-headband_channels.tsv
sub-99	headband_sidecar	True	513	sub-99/eeg/sub-99_task-Sleep_acq-headband_eeg.json
sub-99	headband_events_json	True	837	sub-99/eeg/sub-99_task-Sleep_acq-headband_events.json
sub-99	headband_events_tsv	True	31453	sub-99/eeg/sub-99_task-Sleep_acq-headband_events.tsv
sub-99	psg_channels	True	265	sub-99/eeg/sub-99_task-Sleep_acq-psg_channels.tsv
sub-99	psg_sidecar	True	497	sub-99/eeg/sub-99_task-Sleep_acq-psg_eeg.json
sub-99	psg_events_json	True	1022	sub-99/eeg/sub-99_task-Sleep_acq-psg_events.json
sub-99	psg_events_tsv	True	33579	sub-99/eeg/sub-99_task-Sleep_acq-psg_events.tsv
sub-100	scan_metadata	True	95	sub-100/sub-100_scans.tsv
sub-100	headband_channels	True	237	sub-100/eeg/sub-100_task-Sleep_acq-headband_channels.tsv
sub-100	headband_sidecar	True	513	sub-100/eeg/sub-100_task-Sleep_acq-headband_eeg.json
sub-100	headband_events_json	True	837	sub-100/eeg/sub-100_task-Sleep_acq-headband_events.json
sub-100	headband_events_tsv	True	29265	sub-100/eeg/sub-100_task-Sleep_acq-headband_events.tsv
sub-100	psg_channels	True	265	sub-100/eeg/sub-100_task-Sleep_acq-psg_channels.tsv
sub-100	psg_sidecar	True	497	sub-100/eeg/sub-100_task-Sleep_acq-psg_eeg.json
sub-100	psg_events_json	True	1022	sub-100/eeg/sub-100_task-Sleep_acq-psg_events.json
sub-100	psg_events_tsv	True	31267	sub-100/eeg/sub-100_task-Sleep_acq-psg_events.tsv
sub-101	scan_metadata	True	95	sub-101/sub-101_scans.tsv
sub-101	headband_channels	True	237	sub-101/eeg/sub-101_task-Sleep_acq-headband_channels.tsv
sub-101	headband_sidecar	True	513	sub-101/eeg/sub-101_task-Sleep_acq-headband_eeg.json
sub-101	headband_events_json	True	837	sub-101/eeg/sub-101_task-Sleep_acq-headband_events.json
sub-101	headband_events_tsv	True	27437	sub-101/eeg/sub-101_task-Sleep_acq-headband_events.tsv
sub-101	psg_channels	True	265	sub-101/eeg/sub-101_task-Sleep_acq-psg_channels.tsv
sub-101	psg_sidecar	True	497	sub-101/eeg/sub-101_task-Sleep_acq-psg_eeg.json
sub-101	psg_events_json	True	1022	sub-101/eeg/sub-101_task-Sleep_acq-psg_events.json
sub-101	psg_events_tsv	True	29315	sub-101/eeg/sub-101_task-Sleep_acq-psg_events.tsv
sub-102	scan_metadata	True	95	sub-102/sub-102_scans.tsv
sub-102	headband_channels	True	237	sub-102/eeg/sub-102_task-Sleep_acq-headband_channels.tsv
sub-102	headband_sidecar	True	513	sub-102/eeg/sub-102_task-Sleep_acq-headband_eeg.json
sub-102	headband_events_json	True	837	sub-102/eeg/sub-102_task-Sleep_acq-headband_events.json
sub-102	headband_events_tsv	True	28275	sub-102/eeg/sub-102_task-Sleep_acq-headband_events.tsv
sub-102	psg_channels	True	265	sub-102/eeg/sub-102_task-Sleep_acq-psg_channels.tsv
sub-102	psg_sidecar	True	497	sub-102/eeg/sub-102_task-Sleep_acq-psg_eeg.json
sub-102	psg_events_json	True	1022	sub-102/eeg/sub-102_task-Sleep_acq-psg_events.json
sub-102	psg_events_tsv	True	30212	sub-102/eeg/sub-102_task-Sleep_acq-psg_events.tsv
sub-103	scan_metadata	True	95	sub-103/sub-103_scans.tsv
sub-103	headband_channels	True	237	sub-103/eeg/sub-103_task-Sleep_acq-headband_channels.tsv
sub-103	headband_sidecar	True	513	sub-103/eeg/sub-103_task-Sleep_acq-headband_eeg.json
sub-103	headband_events_json	True	837	sub-103/eeg/sub-103_task-Sleep_acq-headband_events.json
sub-103	headband_events_tsv	True	25127	sub-103/eeg/sub-103_task-Sleep_acq-headband_events.tsv
sub-103	psg_channels	True	369	sub-103/eeg/sub-103_task-Sleep_acq-psg_channels.tsv
sub-103	psg_sidecar	True	498	sub-103/eeg/sub-103_task-Sleep_acq-psg_eeg.json
sub-103	psg_events_json	True	1022	sub-103/eeg/sub-103_task-Sleep_acq-psg_events.json
sub-103	psg_events_tsv	True	26855	sub-103/eeg/sub-103_task-Sleep_acq-psg_events.tsv
sub-104	scan_metadata	True	95	sub-104/sub-104_scans.tsv
sub-104	headband_channels	True	237	sub-104/eeg/sub-104_task-Sleep_acq-headband_channels.tsv
sub-104	headband_sidecar	True	513	sub-104/eeg/sub-104_task-Sleep_acq-headband_eeg.json
sub-104	headband_events_json	True	837	sub-104/eeg/sub-104_task-Sleep_acq-headband_events.json
sub-104	headband_events_tsv	True	24557	sub-104/eeg/sub-104_task-Sleep_acq-headband_events.tsv
sub-104	psg_channels	True	369	sub-104/eeg/sub-104_task-Sleep_acq-psg_channels.tsv
sub-104	psg_sidecar	True	498	sub-104/eeg/sub-104_task-Sleep_acq-psg_eeg.json
sub-104	psg_events_json	True	1022	sub-104/eeg/sub-104_task-Sleep_acq-psg_events.json
sub-104	psg_events_tsv	True	26244	sub-104/eeg/sub-104_task-Sleep_acq-psg_events.tsv
sub-105	scan_metadata	True	95	sub-105/sub-105_scans.tsv
sub-105	headband_channels	True	237	sub-105/eeg/sub-105_task-Sleep_acq-headband_channels.tsv
sub-105	headband_sidecar	True	513	sub-105/eeg/sub-105_task-Sleep_acq-headband_eeg.json
sub-105	headband_events_json	True	837	sub-105/eeg/sub-105_task-Sleep_acq-headband_events.json
sub-105	headband_events_tsv	True	28576	sub-105/eeg/sub-105_task-Sleep_acq-headband_events.tsv
sub-105	psg_channels	True	369	sub-105/eeg/sub-105_task-Sleep_acq-psg_channels.tsv
sub-105	psg_sidecar	True	498	sub-105/eeg/sub-105_task-Sleep_acq-psg_eeg.json
sub-105	psg_events_json	True	1022	sub-105/eeg/sub-105_task-Sleep_acq-psg_events.json
sub-105	psg_events_tsv	True	30546	sub-105/eeg/sub-105_task-Sleep_acq-psg_events.tsv
sub-106	scan_metadata	True	95	sub-106/sub-106_scans.tsv
sub-106	headband_channels	True	237	sub-106/eeg/sub-106_task-Sleep_acq-headband_channels.tsv
sub-106	headband_sidecar	True	513	sub-106/eeg/sub-106_task-Sleep_acq-headband_eeg.json
sub-106	headband_events_json	True	837	sub-106/eeg/sub-106_task-Sleep_acq-headband_events.json
sub-106	headband_events_tsv	True	25727	sub-106/eeg/sub-106_task-Sleep_acq-headband_events.tsv
sub-106	psg_channels	True	369	sub-106/eeg/sub-106_task-Sleep_acq-psg_channels.tsv
sub-106	psg_sidecar	True	498	sub-106/eeg/sub-106_task-Sleep_acq-psg_eeg.json
sub-106	psg_events_json	True	1022	sub-106/eeg/sub-106_task-Sleep_acq-psg_events.json
sub-106	psg_events_tsv	True	27491	sub-106/eeg/sub-106_task-Sleep_acq-psg_events.tsv
sub-107	scan_metadata	True	95	sub-107/sub-107_scans.tsv
sub-107	headband_channels	True	237	sub-107/eeg/sub-107_task-Sleep_acq-headband_channels.tsv
sub-107	headband_sidecar	True	513	sub-107/eeg/sub-107_task-Sleep_acq-headband_eeg.json
sub-107	headband_events_json	True	837	sub-107/eeg/sub-107_task-Sleep_acq-headband_events.json
sub-107	headband_events_tsv	True	27946	sub-107/eeg/sub-107_task-Sleep_acq-headband_events.tsv
sub-107	psg_channels	True	369	sub-107/eeg/sub-107_task-Sleep_acq-psg_channels.tsv
sub-107	psg_sidecar	True	498	sub-107/eeg/sub-107_task-Sleep_acq-psg_eeg.json
sub-107	psg_events_json	True	1022	sub-107/eeg/sub-107_task-Sleep_acq-psg_events.json
sub-107	psg_events_tsv	True	29859	sub-107/eeg/sub-107_task-Sleep_acq-psg_events.tsv
sub-108	scan_metadata	True	95	sub-108/sub-108_scans.tsv
sub-108	headband_channels	True	237	sub-108/eeg/sub-108_task-Sleep_acq-headband_channels.tsv
sub-108	headband_sidecar	True	513	sub-108/eeg/sub-108_task-Sleep_acq-headband_eeg.json
sub-108	headband_events_json	True	837	sub-108/eeg/sub-108_task-Sleep_acq-headband_events.json
sub-108	headband_events_tsv	True	29428	sub-108/eeg/sub-108_task-Sleep_acq-headband_events.tsv
sub-108	psg_channels	True	369	sub-108/eeg/sub-108_task-Sleep_acq-psg_channels.tsv
sub-108	psg_sidecar	True	498	sub-108/eeg/sub-108_task-Sleep_acq-psg_eeg.json
sub-108	psg_events_json	True	1022	sub-108/eeg/sub-108_task-Sleep_acq-psg_events.json
sub-108	psg_events_tsv	True	31437	sub-108/eeg/sub-108_task-Sleep_acq-psg_events.tsv
sub-109	scan_metadata	True	95	sub-109/sub-109_scans.tsv
sub-109	headband_channels	True	93	sub-109/eeg/sub-109_task-Sleep_acq-headband_channels.tsv
sub-109	headband_sidecar	True	513	sub-109/eeg/sub-109_task-Sleep_acq-headband_eeg.json
sub-109	headband_events_json	True	837	sub-109/eeg/sub-109_task-Sleep_acq-headband_events.json
sub-109	headband_events_tsv	True	24677	sub-109/eeg/sub-109_task-Sleep_acq-headband_events.tsv
sub-109	psg_channels	True	349	sub-109/eeg/sub-109_task-Sleep_acq-psg_channels.tsv
sub-109	psg_sidecar	True	498	sub-109/eeg/sub-109_task-Sleep_acq-psg_eeg.json
sub-109	psg_events_json	True	1022	sub-109/eeg/sub-109_task-Sleep_acq-psg_events.json
sub-109	psg_events_tsv	True	26371	sub-109/eeg/sub-109_task-Sleep_acq-psg_events.tsv
sub-110	scan_metadata	True	95	sub-110/sub-110_scans.tsv
sub-110	headband_channels	True	93	sub-110/eeg/sub-110_task-Sleep_acq-headband_channels.tsv
sub-110	headband_sidecar	True	513	sub-110/eeg/sub-110_task-Sleep_acq-headband_eeg.json
sub-110	headband_events_json	True	837	sub-110/eeg/sub-110_task-Sleep_acq-headband_events.json
sub-110	headband_events_tsv	True	27991	sub-110/eeg/sub-110_task-Sleep_acq-headband_events.tsv
sub-110	psg_channels	True	369	sub-110/eeg/sub-110_task-Sleep_acq-psg_channels.tsv
sub-110	psg_sidecar	True	498	sub-110/eeg/sub-110_task-Sleep_acq-psg_eeg.json
sub-110	psg_events_json	True	1022	sub-110/eeg/sub-110_task-Sleep_acq-psg_events.json
sub-110	psg_events_tsv	True	29891	sub-110/eeg/sub-110_task-Sleep_acq-psg_events.tsv
sub-111	scan_metadata	True	95	sub-111/sub-111_scans.tsv
sub-111	headband_channels	True	93	sub-111/eeg/sub-111_task-Sleep_acq-headband_channels.tsv
sub-111	headband_sidecar	True	513	sub-111/eeg/sub-111_task-Sleep_acq-headband_eeg.json
sub-111	headband_events_json	True	837	sub-111/eeg/sub-111_task-Sleep_acq-headband_events.json
sub-111	headband_events_tsv	True	28218	sub-111/eeg/sub-111_task-Sleep_acq-headband_events.tsv
sub-111	psg_channels	True	369	sub-111/eeg/sub-111_task-Sleep_acq-psg_channels.tsv
sub-111	psg_sidecar	True	498	sub-111/eeg/sub-111_task-Sleep_acq-psg_eeg.json
sub-111	psg_events_json	True	1022	sub-111/eeg/sub-111_task-Sleep_acq-psg_events.json
sub-111	psg_events_tsv	True	30154	sub-111/eeg/sub-111_task-Sleep_acq-psg_events.tsv
sub-112	scan_metadata	True	95	sub-112/sub-112_scans.tsv
sub-112	headband_channels	True	93	sub-112/eeg/sub-112_task-Sleep_acq-headband_channels.tsv
sub-112	headband_sidecar	True	513	sub-112/eeg/sub-112_task-Sleep_acq-headband_eeg.json
sub-112	headband_events_json	True	837	sub-112/eeg/sub-112_task-Sleep_acq-headband_events.json
sub-112	headband_events_tsv	True	26957	sub-112/eeg/sub-112_task-Sleep_acq-headband_events.tsv
sub-112	psg_channels	True	369	sub-112/eeg/sub-112_task-Sleep_acq-psg_channels.tsv
sub-112	psg_sidecar	True	498	sub-112/eeg/sub-112_task-Sleep_acq-psg_eeg.json
sub-112	psg_events_json	True	1022	sub-112/eeg/sub-112_task-Sleep_acq-psg_events.json
sub-112	psg_events_tsv	True	28805	sub-112/eeg/sub-112_task-Sleep_acq-psg_events.tsv
sub-113	scan_metadata	True	95	sub-113/sub-113_scans.tsv
sub-113	headband_channels	True	93	sub-113/eeg/sub-113_task-Sleep_acq-headband_channels.tsv
sub-113	headband_sidecar	True	513	sub-113/eeg/sub-113_task-Sleep_acq-headband_eeg.json
sub-113	headband_events_json	True	837	sub-113/eeg/sub-113_task-Sleep_acq-headband_events.json
sub-113	headband_events_tsv	True	27496	sub-113/eeg/sub-113_task-Sleep_acq-headband_events.tsv
sub-113	psg_channels	True	369	sub-113/eeg/sub-113_task-Sleep_acq-psg_channels.tsv
sub-113	psg_sidecar	True	498	sub-113/eeg/sub-113_task-Sleep_acq-psg_eeg.json
sub-113	psg_events_json	True	1022	sub-113/eeg/sub-113_task-Sleep_acq-psg_events.json
sub-113	psg_events_tsv	True	29382	sub-113/eeg/sub-113_task-Sleep_acq-psg_events.tsv
sub-114	scan_metadata	True	95	sub-114/sub-114_scans.tsv
sub-114	headband_channels	True	93	sub-114/eeg/sub-114_task-Sleep_acq-headband_channels.tsv
sub-114	headband_sidecar	True	513	sub-114/eeg/sub-114_task-Sleep_acq-headband_eeg.json
sub-114	headband_events_json	True	837	sub-114/eeg/sub-114_task-Sleep_acq-headband_events.json
sub-114	headband_events_tsv	True	27376	sub-114/eeg/sub-114_task-Sleep_acq-headband_events.tsv
sub-114	psg_channels	True	369	sub-114/eeg/sub-114_task-Sleep_acq-psg_channels.tsv
sub-114	psg_sidecar	True	498	sub-114/eeg/sub-114_task-Sleep_acq-psg_eeg.json
sub-114	psg_events_json	True	1022	sub-114/eeg/sub-114_task-Sleep_acq-psg_events.json
sub-114	psg_events_tsv	True	29253	sub-114/eeg/sub-114_task-Sleep_acq-psg_events.tsv
sub-115	scan_metadata	True	95	sub-115/sub-115_scans.tsv
sub-115	headband_channels	True	93	sub-115/eeg/sub-115_task-Sleep_acq-headband_channels.tsv
sub-115	headband_sidecar	True	513	sub-115/eeg/sub-115_task-Sleep_acq-headband_eeg.json
sub-115	headband_events_json	True	837	sub-115/eeg/sub-115_task-Sleep_acq-headband_events.json
sub-115	headband_events_tsv	True	25126	sub-115/eeg/sub-115_task-Sleep_acq-headband_events.tsv
sub-115	psg_channels	True	369	sub-115/eeg/sub-115_task-Sleep_acq-psg_channels.tsv
sub-115	psg_sidecar	True	498	sub-115/eeg/sub-115_task-Sleep_acq-psg_eeg.json
sub-115	psg_events_json	True	1022	sub-115/eeg/sub-115_task-Sleep_acq-psg_events.json
sub-115	psg_events_tsv	True	26856	sub-115/eeg/sub-115_task-Sleep_acq-psg_events.tsv
sub-116	scan_metadata	True	95	sub-116/sub-116_scans.tsv
sub-116	headband_channels	True	93	sub-116/eeg/sub-116_task-Sleep_acq-headband_channels.tsv
sub-116	headband_sidecar	True	513	sub-116/eeg/sub-116_task-Sleep_acq-headband_eeg.json
sub-116	headband_events_json	True	837	sub-116/eeg/sub-116_task-Sleep_acq-headband_events.json
sub-116	headband_events_tsv	True	25577	sub-116/eeg/sub-116_task-Sleep_acq-headband_events.tsv
sub-116	psg_channels	True	369	sub-116/eeg/sub-116_task-Sleep_acq-psg_channels.tsv
sub-116	psg_sidecar	True	498	sub-116/eeg/sub-116_task-Sleep_acq-psg_eeg.json
sub-116	psg_events_json	True	1022	sub-116/eeg/sub-116_task-Sleep_acq-psg_events.json
sub-116	psg_events_tsv	True	27371	sub-116/eeg/sub-116_task-Sleep_acq-psg_events.tsv
sub-117	scan_metadata	True	95	sub-117/sub-117_scans.tsv
sub-117	headband_channels	True	93	sub-117/eeg/sub-117_task-Sleep_acq-headband_channels.tsv
sub-117	headband_sidecar	True	513	sub-117/eeg/sub-117_task-Sleep_acq-headband_eeg.json
sub-117	headband_events_json	True	837	sub-117/eeg/sub-117_task-Sleep_acq-headband_events.json
sub-117	headband_events_tsv	True	23180	sub-117/eeg/sub-117_task-Sleep_acq-headband_events.tsv
sub-117	psg_channels	True	369	sub-117/eeg/sub-117_task-Sleep_acq-psg_channels.tsv
sub-117	psg_sidecar	True	498	sub-117/eeg/sub-117_task-Sleep_acq-psg_eeg.json
sub-117	psg_events_json	True	1022	sub-117/eeg/sub-117_task-Sleep_acq-psg_events.json
sub-117	psg_events_tsv	True	24771	sub-117/eeg/sub-117_task-Sleep_acq-psg_events.tsv
sub-118	scan_metadata	True	95	sub-118/sub-118_scans.tsv
sub-118	headband_channels	True	93	sub-118/eeg/sub-118_task-Sleep_acq-headband_channels.tsv
sub-118	headband_sidecar	True	513	sub-118/eeg/sub-118_task-Sleep_acq-headband_eeg.json
sub-118	headband_events_json	True	837	sub-118/eeg/sub-118_task-Sleep_acq-headband_events.json
sub-118	headband_events_tsv	True	26206	sub-118/eeg/sub-118_task-Sleep_acq-headband_events.tsv
sub-118	psg_channels	True	369	sub-118/eeg/sub-118_task-Sleep_acq-psg_channels.tsv
sub-118	psg_sidecar	True	498	sub-118/eeg/sub-118_task-Sleep_acq-psg_eeg.json
sub-118	psg_events_json	True	1022	sub-118/eeg/sub-118_task-Sleep_acq-psg_events.json
sub-118	psg_events_tsv	True	28011	sub-118/eeg/sub-118_task-Sleep_acq-psg_events.tsv
sub-119	scan_metadata	True	95	sub-119/sub-119_scans.tsv
sub-119	headband_channels	True	93	sub-119/eeg/sub-119_task-Sleep_acq-headband_channels.tsv
sub-119	headband_sidecar	True	513	sub-119/eeg/sub-119_task-Sleep_acq-headband_eeg.json
sub-119	headband_events_json	True	837	sub-119/eeg/sub-119_task-Sleep_acq-headband_events.json
sub-119	headband_events_tsv	True	26325	sub-119/eeg/sub-119_task-Sleep_acq-headband_events.tsv
sub-119	psg_channels	True	369	sub-119/eeg/sub-119_task-Sleep_acq-psg_channels.tsv
sub-119	psg_sidecar	True	498	sub-119/eeg/sub-119_task-Sleep_acq-psg_eeg.json
sub-119	psg_events_json	True	1022	sub-119/eeg/sub-119_task-Sleep_acq-psg_events.json
sub-119	psg_events_tsv	True	28131	sub-119/eeg/sub-119_task-Sleep_acq-psg_events.tsv
sub-120	scan_metadata	True	95	sub-120/sub-120_scans.tsv
sub-120	headband_channels	True	93	sub-120/eeg/sub-120_task-Sleep_acq-headband_channels.tsv
sub-120	headband_sidecar	True	513	sub-120/eeg/sub-120_task-Sleep_acq-headband_eeg.json
sub-120	headband_events_json	True	837	sub-120/eeg/sub-120_task-Sleep_acq-headband_events.json
sub-120	headband_events_tsv	True	23056	sub-120/eeg/sub-120_task-Sleep_acq-headband_events.tsv
sub-120	psg_channels	True	369	sub-120/eeg/sub-120_task-Sleep_acq-psg_channels.tsv
sub-120	psg_sidecar	True	498	sub-120/eeg/sub-120_task-Sleep_acq-psg_eeg.json
sub-120	psg_events_json	True	1022	sub-120/eeg/sub-120_task-Sleep_acq-psg_events.json
sub-120	psg_events_tsv	True	24643	sub-120/eeg/sub-120_task-Sleep_acq-psg_events.tsv
sub-121	scan_metadata	True	95	sub-121/sub-121_scans.tsv
sub-121	headband_channels	True	93	sub-121/eeg/sub-121_task-Sleep_acq-headband_channels.tsv
sub-121	headband_sidecar	True	513	sub-121/eeg/sub-121_task-Sleep_acq-headband_eeg.json
sub-121	headband_events_json	True	837	sub-121/eeg/sub-121_task-Sleep_acq-headband_events.json
sub-121	headband_events_tsv	True	26186	sub-121/eeg/sub-121_task-Sleep_acq-headband_events.tsv
sub-121	psg_channels	True	369	sub-121/eeg/sub-121_task-Sleep_acq-psg_channels.tsv
sub-121	psg_sidecar	True	498	sub-121/eeg/sub-121_task-Sleep_acq-psg_eeg.json
sub-121	psg_events_json	True	1022	sub-121/eeg/sub-121_task-Sleep_acq-psg_events.json
sub-121	psg_events_tsv	True	27971	sub-121/eeg/sub-121_task-Sleep_acq-psg_events.tsv
sub-122	scan_metadata	True	95	sub-122/sub-122_scans.tsv
sub-122	headband_channels	True	93	sub-122/eeg/sub-122_task-Sleep_acq-headband_channels.tsv
sub-122	headband_sidecar	True	513	sub-122/eeg/sub-122_task-Sleep_acq-headband_eeg.json
sub-122	headband_events_json	True	837	sub-122/eeg/sub-122_task-Sleep_acq-headband_events.json
sub-122	headband_events_tsv	True	25666	sub-122/eeg/sub-122_task-Sleep_acq-headband_events.tsv
sub-122	psg_channels	True	349	sub-122/eeg/sub-122_task-Sleep_acq-psg_channels.tsv
sub-122	psg_sidecar	True	498	sub-122/eeg/sub-122_task-Sleep_acq-psg_eeg.json
sub-122	psg_events_json	True	1022	sub-122/eeg/sub-122_task-Sleep_acq-psg_events.json
sub-122	psg_events_tsv	True	27430	sub-122/eeg/sub-122_task-Sleep_acq-psg_events.tsv
sub-123	scan_metadata	True	95	sub-123/sub-123_scans.tsv
sub-123	headband_channels	True	93	sub-123/eeg/sub-123_task-Sleep_acq-headband_channels.tsv
sub-123	headband_sidecar	True	513	sub-123/eeg/sub-123_task-Sleep_acq-headband_eeg.json
sub-123	headband_events_json	True	837	sub-123/eeg/sub-123_task-Sleep_acq-headband_events.json
sub-123	headband_events_tsv	True	25756	sub-123/eeg/sub-123_task-Sleep_acq-headband_events.tsv
sub-123	psg_channels	True	349	sub-123/eeg/sub-123_task-Sleep_acq-psg_channels.tsv
sub-123	psg_sidecar	True	498	sub-123/eeg/sub-123_task-Sleep_acq-psg_eeg.json
sub-123	psg_events_json	True	1022	sub-123/eeg/sub-123_task-Sleep_acq-psg_events.json
sub-123	psg_events_tsv	True	27523	sub-123/eeg/sub-123_task-Sleep_acq-psg_events.tsv
sub-124	scan_metadata	True	95	sub-124/sub-124_scans.tsv
sub-124	headband_channels	True	237	sub-124/eeg/sub-124_task-Sleep_acq-headband_channels.tsv
sub-124	headband_sidecar	True	513	sub-124/eeg/sub-124_task-Sleep_acq-headband_eeg.json
sub-124	headband_events_json	True	837	sub-124/eeg/sub-124_task-Sleep_acq-headband_events.json
sub-124	headband_events_tsv	True	26055	sub-124/eeg/sub-124_task-Sleep_acq-headband_events.tsv
sub-124	psg_channels	True	349	sub-124/eeg/sub-124_task-Sleep_acq-psg_channels.tsv
sub-124	psg_sidecar	True	498	sub-124/eeg/sub-124_task-Sleep_acq-psg_eeg.json
sub-124	psg_events_json	True	1022	sub-124/eeg/sub-124_task-Sleep_acq-psg_events.json
sub-124	psg_events_tsv	True	27843	sub-124/eeg/sub-124_task-Sleep_acq-psg_events.tsv
sub-125	scan_metadata	True	95	sub-125/sub-125_scans.tsv
sub-125	headband_channels	True	237	sub-125/eeg/sub-125_task-Sleep_acq-headband_channels.tsv
sub-125	headband_sidecar	True	513	sub-125/eeg/sub-125_task-Sleep_acq-headband_eeg.json
sub-125	headband_events_json	True	837	sub-125/eeg/sub-125_task-Sleep_acq-headband_events.json
sub-125	headband_events_tsv	True	28696	sub-125/eeg/sub-125_task-Sleep_acq-headband_events.tsv
sub-125	psg_channels	True	369	sub-125/eeg/sub-125_task-Sleep_acq-psg_channels.tsv
sub-125	psg_sidecar	True	498	sub-125/eeg/sub-125_task-Sleep_acq-psg_eeg.json
sub-125	psg_events_json	True	1022	sub-125/eeg/sub-125_task-Sleep_acq-psg_events.json
sub-125	psg_events_tsv	True	30659	sub-125/eeg/sub-125_task-Sleep_acq-psg_events.tsv
sub-126	scan_metadata	True	95	sub-126/sub-126_scans.tsv
sub-126	headband_channels	True	93	sub-126/eeg/sub-126_task-Sleep_acq-headband_channels.tsv
sub-126	headband_sidecar	True	513	sub-126/eeg/sub-126_task-Sleep_acq-headband_eeg.json
sub-126	headband_events_json	True	837	sub-126/eeg/sub-126_task-Sleep_acq-headband_events.json
sub-126	headband_events_tsv	True	25536	sub-126/eeg/sub-126_task-Sleep_acq-headband_events.tsv
sub-126	psg_channels	True	212	sub-126/eeg/sub-126_task-Sleep_acq-psg_channels.tsv
sub-126	psg_sidecar	True	497	sub-126/eeg/sub-126_task-Sleep_acq-psg_eeg.json
sub-126	psg_events_json	True	1022	sub-126/eeg/sub-126_task-Sleep_acq-psg_events.json
sub-126	psg_events_tsv	True	27267	sub-126/eeg/sub-126_task-Sleep_acq-psg_events.tsv
sub-127	scan_metadata	True	95	sub-127/sub-127_scans.tsv
sub-127	headband_channels	True	93	sub-127/eeg/sub-127_task-Sleep_acq-headband_channels.tsv
sub-127	headband_sidecar	True	513	sub-127/eeg/sub-127_task-Sleep_acq-headband_eeg.json
sub-127	headband_events_json	True	837	sub-127/eeg/sub-127_task-Sleep_acq-headband_events.json
sub-127	headband_events_tsv	True	24346	sub-127/eeg/sub-127_task-Sleep_acq-headband_events.tsv
sub-127	psg_channels	True	349	sub-127/eeg/sub-127_task-Sleep_acq-psg_channels.tsv
sub-127	psg_sidecar	True	498	sub-127/eeg/sub-127_task-Sleep_acq-psg_eeg.json
sub-127	psg_events_json	True	1022	sub-127/eeg/sub-127_task-Sleep_acq-psg_events.json
sub-127	psg_events_tsv	True	26019	sub-127/eeg/sub-127_task-Sleep_acq-psg_events.tsv
sub-128	scan_metadata	True	95	sub-128/sub-128_scans.tsv
sub-128	headband_channels	True	93	sub-128/eeg/sub-128_task-Sleep_acq-headband_channels.tsv
sub-128	headband_sidecar	True	513	sub-128/eeg/sub-128_task-Sleep_acq-headband_eeg.json
sub-128	headband_events_json	True	837	sub-128/eeg/sub-128_task-Sleep_acq-headband_events.json
sub-128	headband_events_tsv	True	24015	sub-128/eeg/sub-128_task-Sleep_acq-headband_events.tsv
sub-128	psg_channels	True	212	sub-128/eeg/sub-128_task-Sleep_acq-psg_channels.tsv
sub-128	psg_sidecar	True	497	sub-128/eeg/sub-128_task-Sleep_acq-psg_eeg.json
sub-128	psg_events_json	True	1022	sub-128/eeg/sub-128_task-Sleep_acq-psg_events.json
sub-128	psg_events_tsv	True	25680	sub-128/eeg/sub-128_task-Sleep_acq-psg_events.tsv
