label_version	pid	subjects	subject_count	transition_subject_count	background_subject_count	primary_rem_to_wake_labels	secondary_wake_to_rem_labels	transition_windows_include	transition_windows_review	background_review_windows	strict_background_review_windows	nontarget_background_review_windows	background_windows_include	background_windows_review	has_repeated_recordings	split_readiness_status
v0.1	1	sub-3	1	1	1	5	2	7	0	41	8	33	41	0	False	positive_and_background_available
v0.1	2	sub-4	1	1	1	2	0	2	0	37	8	29	37	0	False	positive_and_background_available
v0.1	3	sub-5	1	1	1	4	2	6	0	32	6	26	32	0	False	positive_and_background_available
v0.1	4	sub-6	1	1	1	1	0	1	0	37	6	31	37	0	False	positive_and_background_available
v0.1	5	sub-7	1	1	1	3	1	4	0	40	8	32	40	0	False	positive_and_background_available
v0.1	6	sub-8	1	0	1	0	0	0	0	32	8	24	32	0	False	background_only
v0.1	8	sub-11	1	1	1	2	1	3	0	36	8	28	36	0	False	positive_and_background_available
v0.1	9	sub-14	1	1	1	4	0	4	0	36	8	28	36	0	False	positive_and_background_available
v0.1	10	sub-15	1	1	1	3	2	5	0	35	6	29	35	0	False	positive_and_background_available
v0.1	11	sub-16	1	1	1	7	6	13	0	33	6	27	33	0	False	positive_and_background_available
v0.1	12	sub-18	1	1	1	9	2	11	0	34	8	26	34	0	False	positive_and_background_available
v0.1	13	sub-20	1	1	1	2	0	2	0	37	9	28	37	0	False	positive_and_background_available
v0.1	14	sub-22	1	1	1	2	1	3	0	38	9	29	38	0	False	positive_and_background_available
v0.1	15	sub-124;sub-23	2	2	2	6	2	8	0	64	13	51	64	0	True	positive_and_background_available
v0.1	16	sub-24	1	1	1	2	0	2	0	35	8	27	35	0	False	positive_and_background_available
v0.1	17	sub-25	1	1	1	3	1	4	0	37	9	28	37	0	False	positive_and_background_available
v0.1	18	sub-26	1	1	1	2	0	2	0	37	8	29	37	0	False	positive_and_background_available
v0.1	19	sub-27	1	1	1	4	0	4	0	27	7	20	27	0	False	positive_and_background_available
v0.1	20	sub-28	1	1	1	1	0	1	0	37	8	29	37	0	False	positive_and_background_available
v0.1	21	sub-29	1	1	1	3	0	3	0	40	8	32	40	0	False	positive_and_background_available
v0.1	22	sub-34	1	0	1	0	0	0	0	28	6	22	28	0	False	background_only
v0.1	23	sub-44	1	1	1	2	0	2	0	35	8	27	35	0	False	positive_and_background_available
v0.1	24	sub-45	1	1	1	1	0	1	0	28	6	22	28	0	False	positive_and_background_available
v0.1	26	sub-46	1	1	1	4	2	6	0	34	6	28	34	0	False	positive_and_background_available
v0.1	28	sub-48	1	1	1	1	0	1	0	36	8	28	36	0	False	positive_and_background_available
v0.1	29	sub-49	1	1	1	2	0	2	0	38	8	30	38	0	False	positive_and_background_available
v0.1	30	sub-51	1	1	1	5	2	7	0	36	8	28	36	0	False	positive_and_background_available
v0.1	31	sub-52	1	1	1	4	0	4	0	29	6	23	29	0	False	positive_and_background_available
v0.1	32	sub-67	1	1	1	6	2	8	0	28	6	22	28	0	False	positive_and_background_available
v0.1	33	sub-68	1	1	1	2	0	2	0	39	10	29	39	0	False	positive_and_background_available
v0.1	34	sub-69	1	1	1	1	0	1	0	35	8	27	35	0	False	positive_and_background_available
v0.1	35	sub-70	1	1	1	2	0	2	0	29	6	23	29	0	False	positive_and_background_available
v0.1	36	sub-71	1	1	1	3	1	4	0	30	6	24	30	0	False	positive_and_background_available
v0.1	37	sub-72	1	1	1	2	0	2	0	30	6	24	30	0	False	positive_and_background_available
v0.1	38	sub-73	1	1	1	1	0	1	0	37	8	29	37	0	False	positive_and_background_available
v0.1	39	sub-74	1	1	1	2	0	2	0	37	8	29	37	0	False	positive_and_background_available
v0.1	40	sub-75	1	1	1	2	1	3	0	29	6	23	29	0	False	positive_and_background_available
v0.1	41	sub-76	1	1	1	2	0	2	0	36	8	28	36	0	False	positive_and_background_available
v0.1	42	sub-77	1	1	1	3	1	4	0	37	8	29	37	0	False	positive_and_background_available
v0.1	43	sub-78	1	1	1	2	1	3	0	40	8	32	40	0	False	positive_and_background_available
v0.1	44	sub-79	1	0	1	0	0	0	0	32	8	24	32	0	False	background_only
v0.1	45	sub-80	1	0	1	0	0	0	0	37	9	28	37	0	False	background_only
v0.1	46	sub-81	1	1	1	8	5	13	0	30	6	24	30	0	False	positive_and_background_available
v0.1	48	sub-82	1	1	1	2	0	2	0	33	6	27	33	0	False	positive_and_background_available
v0.1	50	sub-83	1	1	1	1	0	1	0	32	6	26	32	0	False	positive_and_background_available
v0.1	51	sub-84	1	1	1	1	0	1	0	29	6	23	29	0	False	positive_and_background_available
v0.1	52	sub-85	1	1	1	5	0	5	0	37	8	29	37	0	False	positive_and_background_available
v0.1	53	sub-86	1	0	1	0	0	0	0	36	8	28	36	0	False	background_only
v0.1	54	sub-87	1	1	1	2	0	2	0	31	6	25	31	0	False	positive_and_background_available
v0.1	55	sub-88	1	0	1	0	0	0	0	27	7	20	27	0	False	background_only
v0.1	56	sub-89	1	0	1	0	0	0	0	39	6	33	39	0	False	background_only
v0.1	57	sub-90	1	1	1	5	2	7	0	27	6	21	27	0	False	positive_and_background_available
v0.1	58	sub-91	1	1	1	5	3	8	0	36	8	28	36	0	False	positive_and_background_available
v0.1	59	sub-92	1	1	1	3	2	5	0	33	8	25	33	0	False	positive_and_background_available
v0.1	60	sub-93	1	1	1	3	1	4	0	35	8	27	35	0	False	positive_and_background_available
v0.1	61	sub-94	1	1	1	2	0	2	0	31	8	23	31	0	False	positive_and_background_available
v0.1	62	sub-95	1	1	1	6	2	8	0	37	8	29	37	0	False	positive_and_background_available
v0.1	63	sub-96	1	1	1	4	1	5	0	30	6	24	30	0	False	positive_and_background_available
v0.1	64	sub-97	1	1	1	5	3	8	0	28	6	22	28	0	False	positive_and_background_available
v0.1	65	sub-98	1	1	1	7	5	12	0	31	6	25	31	0	False	positive_and_background_available
v0.1	66	sub-99	1	0	1	0	0	0	0	34	6	28	34	0	False	background_only
v0.1	67	sub-100	1	1	1	5	2	7	0	27	6	21	27	0	False	positive_and_background_available
v0.1	68	sub-101	1	1	1	5	3	8	0	33	6	27	33	0	False	positive_and_background_available
v0.1	69	sub-102	1	1	1	3	1	4	0	26	7	19	26	0	False	positive_and_background_available
v0.1	71	sub-103	1	0	1	0	0	0	0	38	8	30	38	0	False	background_only
v0.1	72	sub-104	1	1	1	2	0	2	0	37	8	29	37	0	False	positive_and_background_available
v0.1	73	sub-105	1	1	1	3	0	3	0	37	8	29	37	0	False	positive_and_background_available
v0.1	74	sub-106	1	1	1	1	1	2	0	38	8	30	38	0	False	positive_and_background_available
v0.1	75	sub-107	1	1	1	1	0	1	0	39	8	31	39	0	False	positive_and_background_available
v0.1	76	sub-108	1	1	1	2	1	3	0	41	8	33	41	0	False	positive_and_background_available
v0.1	77	sub-55;sub-57	2	2	2	8	2	10	0	75	16	59	75	0	True	positive_and_background_available
v0.1	78	sub-56;sub-58	2	2	2	11	7	18	0	71	14	57	71	0	True	positive_and_background_available
v0.1	79	sub-59;sub-61	2	2	2	10	6	16	0	74	16	58	74	0	True	positive_and_background_available
v0.1	80	sub-60;sub-62	2	1	2	2	0	2	0	74	18	56	74	0	True	positive_and_background_available
v0.1	81	sub-63;sub-65	2	2	2	2	0	2	0	74	16	58	74	0	True	positive_and_background_available
v0.1	82	sub-64;sub-66	2	2	2	4	1	5	0	73	14	59	73	0	True	positive_and_background_available
v0.1	83	sub-32;sub-35;sub-41	3	2	3	8	3	11	0	89	18	71	89	0	True	positive_and_background_available
v0.1	84	sub-33;sub-36;sub-42	3	3	3	21	3	24	0	82	18	64	82	0	True	positive_and_background_available
v0.1	85	sub-39	1	1	1	1	0	1	0	36	8	28	36	0	False	positive_and_background_available
v0.1	86	sub-37;sub-40	2	2	2	6	0	6	0	60	12	48	60	0	True	positive_and_background_available
v0.1	87	sub-38;sub-43;sub-47	3	2	3	2	0	2	0	83	18	65	83	0	True	positive_and_background_available
v0.1	88	sub-50;sub-53;sub-54	3	3	3	8	4	12	0	91	18	73	91	0	True	positive_and_background_available
v0.1	89	sub-1;sub-2	2	2	2	12	2	14	0	78	16	62	78	0	True	positive_and_background_available
v0.1	90	sub-9	1	1	1	1	0	1	0	39	10	29	39	0	False	positive_and_background_available
v0.1	91	sub-10;sub-13	2	0	2	0	0	0	0	76	17	59	76	0	True	background_only
v0.1	92	sub-12;sub-17	2	2	2	20	7	27	0	64	12	52	64	0	True	positive_and_background_available
v0.1	93	sub-19;sub-21	2	2	2	3	0	3	0	73	16	57	73	0	True	positive_and_background_available
v0.1	94	sub-30	1	1	1	3	0	3	0	31	6	25	31	0	False	positive_and_background_available
v0.1	95	sub-31	1	0	1	0	0	0	0	29	6	23	29	0	False	background_only
v0.1	96	sub-109;sub-110;sub-111	3	3	3	14	2	16	0	104	22	82	104	0	True	positive_and_background_available
v0.1	97	sub-112;sub-113;sub-114	3	3	3	6	2	8	0	84	18	66	84	0	True	positive_and_background_available
v0.1	98	sub-115;sub-116;sub-117	3	3	3	8	4	12	0	85	20	65	85	0	True	positive_and_background_available
v0.1	99	sub-118;sub-119;sub-120	3	3	3	8	3	11	0	93	14	79	93	0	True	positive_and_background_available
v0.1	100	sub-121	1	1	1	1	0	1	0	34	7	27	34	0	False	positive_and_background_available
v0.1	101	sub-122	1	0	1	0	0	0	0	34	6	28	34	0	False	background_only
v0.1	102	sub-123	1	1	1	2	1	3	0	37	8	29	37	0	False	positive_and_background_available
v0.1	104	sub-125	1	1	1	3	0	3	0	27	6	21	27	0	False	positive_and_background_available
v0.1	106	sub-126	1	1	1	6	2	8	0	37	8	29	37	0	False	positive_and_background_available
v0.1	107	sub-127	1	1	1	1	0	1	0	39	8	31	39	0	False	positive_and_background_available
v0.1	108	sub-128	1	1	1	1	0	1	0	39	6	33	39	0	False	positive_and_background_available
